scenario_id,frame_index,image_path,image_sha256,label_sha256,frame_sha256,person_gt,vehicle_gt
S3,1,C:\Users\lab\Counterfactual-XAI-Verifier\experiments\yolov8_search_comparison\multi_scenario_symmetric\scenarios\multi_scenario_symmetric_plan_v2\S3\initial_condition\frames\frame_0001.png,1E6BE570ADBD105CDF47F89BC1EED34B43910D33097179AD649EA89E0FB422CC,9C080A83FF76AD39B5C23A1D3416D67AFFC04C09D082D2D9D5F517BEB6CF225C,F166FCD1CE40F7520D8733E1F5B7002ADAE13B48697D302F2C9E5914F2B877F6,2,0
S3,2,C:\Users\lab\Counterfactual-XAI-Verifier\experiments\yolov8_search_comparison\multi_scenario_symmetric\scenarios\multi_scenario_symmetric_plan_v2\S3\initial_condition\frames\frame_0002.png,1D88CFD15FA7340E691F86EB8B8C833CCC0A09F9C9556011A404E4108C9F8A5D,46516D761842D226A42A7DAD5B9ED0D3DF39E0EC8D6002CCF9A4684178A00928,A4B8F5D61953672487DC712DE0EB706A9A02130C16CE6ACB072C72B582A72A86,2,0
S3,3,C:\Users\lab\Counterfactual-XAI-Verifier\experiments\yolov8_search_comparison\multi_scenario_symmetric\scenarios\multi_scenario_symmetric_plan_v2\S3\initial_condition\frames\frame_0003.png,2E985060EE7163290A378E9A3F7BA7C89CA4592AB96BB251B312EA07FCF1976B,B08C76CBDAD4B9FC2DFD8CEF4932CFD633F5B6B646F42DA0AF71940EFC7F8E4A,C04B724D1E0179C1F7A4C797563AEA8489B6F2BC414857FB9FADB4BE1D5AF6DA,2,0
S3,4,C:\Users\lab\Counterfactual-XAI-Verifier\experiments\yolov8_search_comparison\multi_scenario_symmetric\scenarios\multi_scenario_symmetric_plan_v2\S3\initial_condition\frames\frame_0004.png,C4BA73E3FCD83F152C0B2E7B78F4DCC729DB529B0A377591B6BDA13DB05477BC,F1E518840D50C6E5130ECBCAD26FC0D70919702DAD6C43E4806AD73AB8EBCE04,7B39CBA260026AB423D1B35AE4E6FC4439D2115DE8ABEFB2D730B0DCE85AA131,2,0
S3,5,C:\Users\lab\Counterfactual-XAI-Verifier\experiments\yolov8_search_comparison\multi_scenario_symmetric\scenarios\multi_scenario_symmetric_plan_v2\S3\initial_condition\frames\frame_0005.png,4583F2D6E2BD83ED1445FDADD633945EAD0467FA160CFD2DAA8167063B4C594B,88DA7DFEBDCA3DB9B359B9835D1506F7D31E9B0D6786569BB678B4634C611B9C,9060A9FEF97DAF188E8A182656DC4A65C6763CE783FF02401F19D198037A0E1F,2,0
S3,6,C:\Users\lab\Counterfactual-XAI-Verifier\experiments\yolov8_search_comparison\multi_scenario_symmetric\scenarios\multi_scenario_symmetric_plan_v2\S3\initial_condition\frames\frame_0006.png,6602519410566CBD352DB7C02AFA76CE7409D0585E63F45B246C34FB04990BCC,B121E989FACFC09D5B9A30720372CE8EAAD6E7871AFA4ADE7D3305981915F08E,18B9EF3FB0B12331AA10AA93F6F54F2006E6E0C7070D941509E91D57879AB47D,2,0
S3,7,C:\Users\lab\Counterfactual-XAI-Verifier\experiments\yolov8_search_comparison\multi_scenario_symmetric\scenarios\multi_scenario_symmetric_plan_v2\S3\initial_condition\frames\frame_0007.png,EBD48A8AF6F14092EDB5841F17C485144391BBA177A8838475CDE09D60E00EA6,2829E376C7D23665270EFDD149D17A216D88AF42AC430258E7FDF8A6DC0F52D3,5A18BF9A8B9F055145EC47CD9404C8879B4364C4F029CE5A291B79D2133A1E84,2,0
S3,8,C:\Users\lab\Counterfactual-XAI-Verifier\experiments\yolov8_search_comparison\multi_scenario_symmetric\scenarios\multi_scenario_symmetric_plan_v2\S3\initial_condition\frames\frame_0008.png,0F4A4FCE1DC25751153BCD3B9EDC6578BA3737C1C34CFA2040358DE91B76EDB2,5D3F01775ADC35B939AB4F5CB360AB360B61935D1928F70FC2A00F160AE335AB,63E312FB64787E7BB4E070AF39E9914BF21A1BE4ACC44DCED673204DC34834B6,2,0
S3,9,C:\Users\lab\Counterfactual-XAI-Verifier\experiments\yolov8_search_comparison\multi_scenario_symmetric\scenarios\multi_scenario_symmetric_plan_v2\S3\initial_condition\frames\frame_0009.png,26E00B9B72DFB4568B1BECF2D3787689BEB89E29DBC5F8255827FEA9666C803C,9F8061A41E1AE09C9EC23D5B7E7E7A5C0CB633610208B57E35917BD81BB1C071,0F2B303582E3E073598769EF157009E21E447E945C6FD493F6E60D9DF2C74CAE,2,0
S3,10,C:\Users\lab\Counterfactual-XAI-Verifier\experiments\yolov8_search_comparison\multi_scenario_symmetric\scenarios\multi_scenario_symmetric_plan_v2\S3\initial_condition\frames\frame_0010.png,56AB56F8925F9224309A992DF8714738CF1F3759174B4DB2181B6E818A12D704,DADEE8341415D7B51CBB4D99A7D34ACE30324EE53DE8BDBC47D164BFFC71169E,E18191F14DED601D5F3E35598027220C8FD68EF658B47335B2E26B3DF2324FB1,2,0
S3,11,C:\Users\lab\Counterfactual-XAI-Verifier\experiments\yolov8_search_comparison\multi_scenario_symmetric\scenarios\multi_scenario_symmetric_plan_v2\S3\initial_condition\frames\frame_0011.png,DCDA3F51518FB1E9CE53B3165BC2E46C33438B964FF39370D60D7417C41CECC7,E51026FAB61005A352EE954EB137BE0F3802C15E5C004CBD17E4C471A29D23E3,322ADE28ECC9B465D69EF7925DF524D64A64EF76E7B1AAE4A975048AFA2EBD90,2,0
S3,12,C:\Users\lab\Counterfactual-XAI-Verifier\experiments\yolov8_search_comparison\multi_scenario_symmetric\scenarios\multi_scenario_symmetric_plan_v2\S3\initial_condition\frames\frame_0012.png,D4E882A3BBA97E1E60B77817D150B18F1ED72156BCF6C5837B6C972788EABE59,FA7AC35F98487DBD7A1BD86F10E38414B151B89BF4483393A7F2CAFDE28BD261,0DAAB6660899CBD1C3A85A4BBC0864ACF8A64127E333473E658EE0F999A4DE7B,2,0
S3,13,C:\Users\lab\Counterfactual-XAI-Verifier\experiments\yolov8_search_comparison\multi_scenario_symmetric\scenarios\multi_scenario_symmetric_plan_v2\S3\initial_condition\frames\frame_0013.png,DF1D5F76DE3C47CAAF54E70FD3744F6FA8B2B20D79AA5F211134A2CF81282BF3,C48BFAA62F76BA62D19E284811162F70F66D3AC7851806AEA3ED81AE80AAE706,86CF62E5E22C7E09CFD4309A8E9E4C7933B9D62055A3CFA5FB6A9AA938DB5DA2,2,0
S3,14,C:\Users\lab\Counterfactual-XAI-Verifier\experiments\yolov8_search_comparison\multi_scenario_symmetric\scenarios\multi_scenario_symmetric_plan_v2\S3\initial_condition\frames\frame_0014.png,FF27645B68A3DA51814BF83CF9B29EA3D1643EA0F5968315418CAEAEA9CE1022,7A43757E8BF63059A22B890EC0EF18898769EAF0383ECC0CABA8B3AA8EF9B3E5,6B5B02186F473E90A7FE53CD6B4A447779C019BA36641C57C36983038AEAC182,2,0
S3,15,C:\Users\lab\Counterfactual-XAI-Verifier\experiments\yolov8_search_comparison\multi_scenario_symmetric\scenarios\multi_scenario_symmetric_plan_v2\S3\initial_condition\frames\frame_0015.png,DD8F8CF0900090EE3C17A7F7935620B9E0C7D14212B6F6C04C1C0224D1C6F861,52579B426E82B1C37CF6343E5DF13F85128BBD6C5B7F1E527FA9810EB7C7D131,A4DCC25AC40748C7EB29AF21E170D0FFBA8F17A587C0169BED9E72492FF4C68D,2,0
S3,16,C:\Users\lab\Counterfactual-XAI-Verifier\experiments\yolov8_search_comparison\multi_scenario_symmetric\scenarios\multi_scenario_symmetric_plan_v2\S3\initial_condition\frames\frame_0016.png,D97448AC9BCBD6D67365E366D66F361C0096BB897ABC2D5C04CDEE33628176AB,48829BC97122330FDF8286E79EBFF2D4049E467B465E7471AD22129529046B1F,9E12DFE4A77A725B23BE2F529EDCA485962736F99BA4994FC1DC7B60B15B51FF,2,0
S3,17,C:\Users\lab\Counterfactual-XAI-Verifier\experiments\yolov8_search_comparison\multi_scenario_symmetric\scenarios\multi_scenario_symmetric_plan_v2\S3\initial_condition\frames\frame_0017.png,3E04C27550F093CE622DEE2A01C15EED66A722AFAE6491E20560F1DD97DECF94,9A7AD06998FB89A52FA5FFEDBC881226B143C57788323E7F14B583899140AF81,F887691A8C7798A39ECEC7C089EC4A9E08D7FAFFDD640C154234CEEDEA1DDC16,2,0
S3,18,C:\Users\lab\Counterfactual-XAI-Verifier\experiments\yolov8_search_comparison\multi_scenario_symmetric\scenarios\multi_scenario_symmetric_plan_v2\S3\initial_condition\frames\frame_0018.png,9B1812F93B2A9B41D2C9F23470D334AABE8E1E6F13900D82C19A10A96D22CD10,7A60B3BD0683E4C23EC8475DABA30913E665F04559272432C196D63D7EB814A0,E08DC2CD32588DDF4DFC7E104086A96029E1171265D9214927ED78BAACBDE564,2,0
S3,19,C:\Users\lab\Counterfactual-XAI-Verifier\experiments\yolov8_search_comparison\multi_scenario_symmetric\scenarios\multi_scenario_symmetric_plan_v2\S3\initial_condition\frames\frame_0019.png,DF231415523C41FCD733237068008D5D7E7D80EDADB93E32E1165A90DE991D14,8CE5E04C84FEC139BAAC695BBD8B4DEA6FD1E41C3ED9EDC8BBEF71489FA80983,C0E1ECD60F88881D3DD55F2EC9DC974CF26908508CB152300536F9C3ADAF4057,2,0
S3,20,C:\Users\lab\Counterfactual-XAI-Verifier\experiments\yolov8_search_comparison\multi_scenario_symmetric\scenarios\multi_scenario_symmetric_plan_v2\S3\initial_condition\frames\frame_0020.png,4EBA050C09B0D6BF46EAA22FA9F4BDB5C0609C5F57F105F499E5B40A92CC7598,EE9C394EDB3E3E67ABE40B8DD3C6A0E742AF85BE4338E219A2587218EC5A0FA1,A85EB9BE5FC3F1B9EE4C7C88B8B057DCAAD420E9E0FFC4E1302F7B1FFA9B9ADE,2,0
S3,21,C:\Users\lab\Counterfactual-XAI-Verifier\experiments\yolov8_search_comparison\multi_scenario_symmetric\scenarios\multi_scenario_symmetric_plan_v2\S3\initial_condition\frames\frame_0021.png,3C837DC417172D799AE88A2618F474D9D81222AB20C3C35EEF9D4C86FAA0AC05,0BBBCC265BEDBC4B27AD39A81ED1A8C8A3032B3CADB43AC3562689F50BA791C4,570D4E8FE4CD5EBF69CBC6E0482D090E7558803471B0BE6FD75CCDE6DD71C00C,2,0
S3,22,C:\Users\lab\Counterfactual-XAI-Verifier\experiments\yolov8_search_comparison\multi_scenario_symmetric\scenarios\multi_scenario_symmetric_plan_v2\S3\initial_condition\frames\frame_0022.png,E01A049B89DDF122995DAE496FBF4717FF735CA112182247824238A39B43802D,A4F92E9B3BE4C562016A14D5258A0F1D76F7DE6FD54EA4FF73EFE9F2089CF60B,611E571069D04D72BA8A96F07B9BF6D39177EF1D1577183049C51A7D55CC13AD,2,0
S3,23,C:\Users\lab\Counterfactual-XAI-Verifier\experiments\yolov8_search_comparison\multi_scenario_symmetric\scenarios\multi_scenario_symmetric_plan_v2\S3\initial_condition\frames\frame_0023.png,5983BA55E6D25F5CAEAAD662BC20524B2E6A24F2475B1B1EB99F67513AA71E5A,CF99C5CCBC2E5DCCF9613655D5DF99481A71B044BB44A714FEFF0330D1F93870,B5BE666CB84D06F617E700EC3D1E7EA71FC8C51102082101E1D87CAE73D70ED2,2,0
S3,24,C:\Users\lab\Counterfactual-XAI-Verifier\experiments\yolov8_search_comparison\multi_scenario_symmetric\scenarios\multi_scenario_symmetric_plan_v2\S3\initial_condition\frames\frame_0024.png,8684500A64F321119CC3AF621D484781CC410BFBC093BE05BA8DDB7B9F04235B,EBFBBF472B54B1B32846BDEFDF5E842B0012E799707644B82327779BFA74D4F0,67EC6E0D744D95CAF95659C0C198336EA21C460BACE85569DD45CC253CE8FFD1,2,0
S3,25,C:\Users\lab\Counterfactual-XAI-Verifier\experiments\yolov8_search_comparison\multi_scenario_symmetric\scenarios\multi_scenario_symmetric_plan_v2\S3\initial_condition\frames\frame_0025.png,CA92D7A58B3FA81E15DA68ABFA77B79DCC4F0F1CD0D184D6C75EDEEF661388EB,4E2CBD36D368768443971B5C0BDFBA00A4B478FF70E8645082AF63C56C65EB70,8C9ADEB78B7BD9DB2003C346796B8CAABD9A3F0637C6807AC1D7AB00F9950A35,2,0
S3,26,C:\Users\lab\Counterfactual-XAI-Verifier\experiments\yolov8_search_comparison\multi_scenario_symmetric\scenarios\multi_scenario_symmetric_plan_v2\S3\initial_condition\frames\frame_0026.png,054BBDC30D623D5D115BFC64660C84A4242E1914F78169C466AD5824B7567816,471157BC4754B3B9073895B0447D22878BFCDC216F0F7F531E7F2591093F3521,8CA4418342328BE79289D94286277660C5808EBE15AFB260649C831D46E5990F,1,0
S3,27,C:\Users\lab\Counterfactual-XAI-Verifier\experiments\yolov8_search_comparison\multi_scenario_symmetric\scenarios\multi_scenario_symmetric_plan_v2\S3\initial_condition\frames\frame_0027.png,48728E8C9C67944443BC430D510FCB97F3D2DF8C3D17814AB053DB67B849B898,1EC2EA77EF81DC76079451D739250A055F703D8333FCDEB4F812541F440252EF,BA0212B50A1E8A30556D0F3B6BA89EECAE627255C5BC936C66AD2FC250D6239C,1,0
S3,28,C:\Users\lab\Counterfactual-XAI-Verifier\experiments\yolov8_search_comparison\multi_scenario_symmetric\scenarios\multi_scenario_symmetric_plan_v2\S3\initial_condition\frames\frame_0028.png,03D54B19C9ABF4D4BEB414D8E8A4540B92D5BA2DF7286D081044E061489B4222,73DB35581D92D963498B3CE5306377EAC8ACB5EB6FBB1DAF567CB9ED5447A64A,2099BDD197FEDB9D012B9923B2BFBA9F8A7A551BB6D1B94567C7336C58827A66,1,0
S3,29,C:\Users\lab\Counterfactual-XAI-Verifier\experiments\yolov8_search_comparison\multi_scenario_symmetric\scenarios\multi_scenario_symmetric_plan_v2\S3\initial_condition\frames\frame_0029.png,C1F5AA3D3B3819A075C0D09E0E443FA64239A8C9C5050AEBC0269739340B6B42,8EAA5424D949A9C571889AC1C41517B293786C0308A9700CB955DB16EDD46ECA,D30FE4BBFF0915D4E50D3764D7A4D94A9713819F9546DE2C8D9A9630F7E77042,1,0
S3,30,C:\Users\lab\Counterfactual-XAI-Verifier\experiments\yolov8_search_comparison\multi_scenario_symmetric\scenarios\multi_scenario_symmetric_plan_v2\S3\initial_condition\frames\frame_0030.png,B0118F2F066CFA057DAFB9319AA91E3EE771FD18153C69552B4A19E4120A66D0,BE6BF97C924D13D61EE6C94F5D12A642F446AD8B5EA0B9157364205637576197,2BB4E9524DB5EC789051A0DEF19F5DE089C1AE49A54342A84049A90D834190ED,1,0
S3,31,C:\Users\lab\Counterfactual-XAI-Verifier\experiments\yolov8_search_comparison\multi_scenario_symmetric\scenarios\multi_scenario_symmetric_plan_v2\S3\initial_condition\frames\frame_0031.png,8E26070E03A70E4116B18C828E5D9439CED00C3B26F057923835CFB1212158D0,C9AC5B830F71525142D6C9B5F2247C4C02E352B7956C9DE76EE54C5982E160C0,4AD2CCC133B3326091C434504F64AB578B7769E3F15BF65F90CB3049279AF687,1,0
S3,32,C:\Users\lab\Counterfactual-XAI-Verifier\experiments\yolov8_search_comparison\multi_scenario_symmetric\scenarios\multi_scenario_symmetric_plan_v2\S3\initial_condition\frames\frame_0032.png,397B9CA4A69CEF213F8BF0E751137939844C8791F42DA26F5133BAD91A5ADFA6,C0B2FC55F14E41421E717A5CBF01B62713B0D2AA0D4ECA13E1C8A1C1F4917749,CBF794A69FC23C56C620F8C40A474EA1921BB6AED07B087D094776C955A41328,1,0
S3,33,C:\Users\lab\Counterfactual-XAI-Verifier\experiments\yolov8_search_comparison\multi_scenario_symmetric\scenarios\multi_scenario_symmetric_plan_v2\S3\initial_condition\frames\frame_0033.png,13B93DE4B54FDAF9CADE75B16770310D69954FABFF0075F1881E9C3E4440F0FF,31E4EE91BF3A50BC27210DF11725D38BDD86CDBAEEC79608D4924B4E1AD60A0E,9AEC24E76F0721CCE5910BF5F1E2A87F01817980AAAA4B871E4C5889E10B22F2,1,0
S3,34,C:\Users\lab\Counterfactual-XAI-Verifier\experiments\yolov8_search_comparison\multi_scenario_symmetric\scenarios\multi_scenario_symmetric_plan_v2\S3\initial_condition\frames\frame_0034.png,C5038AD71EA9D1027AB6DFD7ACD50D39B97E80B8093740AFCBC4B000D88DB526,8C2CAB83A349DE0803C78DBB93C122C60C186402F044166C9629246D126C4610,A86EAC4CA38062830BFDFF2AA244C45AF02B5CD4B3F6619D3E87FF1989D5E77C,1,0
S3,35,C:\Users\lab\Counterfactual-XAI-Verifier\experiments\yolov8_search_comparison\multi_scenario_symmetric\scenarios\multi_scenario_symmetric_plan_v2\S3\initial_condition\frames\frame_0035.png,CEDE4559439BB56AC31DE7A4CE521B3B91DE1077E2E8A8D11CFAE692D25A4D8E,C9E8E48ECD4A3FD222B8406908BE1799D4705450FD46472E35487D1AE71DEABD,2CE5B6235B316F6F1B34D2BBEB85CDA0ED58B88CFBB1CDE62BF80FF6B8AB811B,1,0
S3,36,C:\Users\lab\Counterfactual-XAI-Verifier\experiments\yolov8_search_comparison\multi_scenario_symmetric\scenarios\multi_scenario_symmetric_plan_v2\S3\initial_condition\frames\frame_0036.png,E77C1931C50A33BC8F86028A8F1330A30C683DCA83085D29378F00B6F7E9832F,4C231576D77849EE347101659F9F65C18DBEEE778CBAEF3E566C87685BE880A0,25291FF03C6BF237BB0830DE7F294DC61827FFA18FF74387FD2402232867C35C,1,0
S3,37,C:\Users\lab\Counterfactual-XAI-Verifier\experiments\yolov8_search_comparison\multi_scenario_symmetric\scenarios\multi_scenario_symmetric_plan_v2\S3\initial_condition\frames\frame_0037.png,FED9C81A5A13B928ACE0595E4A53795D8DB44D556064FC0A5FD74C9967D7192E,9AF9CB7ABDA58E759B9C85DF3EA447B4670215AC36E0E5B1F1F79F9AED408F0A,F9BA7606192967FDF97348903055713D445E0F79EAEA5B475C68E061B97C9C0F,1,0
S3,38,C:\Users\lab\Counterfactual-XAI-Verifier\experiments\yolov8_search_comparison\multi_scenario_symmetric\scenarios\multi_scenario_symmetric_plan_v2\S3\initial_condition\frames\frame_0038.png,23AAB18CFBE39E9492B3C089E58530F7E093862645559BA8E984BF606D4E36A2,4BF93E8908EB98069C263057FBB01EFB16E452EF3FCB50742F79D25AD48A6832,748EC8E5AA957A7EF6BE9A3F90593DE1B40E97569B27CCE1D8CB5294DB9823BD,1,0
S3,39,C:\Users\lab\Counterfactual-XAI-Verifier\experiments\yolov8_search_comparison\multi_scenario_symmetric\scenarios\multi_scenario_symmetric_plan_v2\S3\initial_condition\frames\frame_0039.png,C6B6ACBFEB0D2E2EBE0A1F24C83CBB1E4F93AF36FC9BD1D27244A4C2894EA813,D14686D8468A832637E30E9018392D23620FF3D4900FC2C1BC7339E0BF8EB152,9E207A63190807D06F95382DA5175CCC616536297AC11E680DA82C2B64184D2A,1,0
S3,40,C:\Users\lab\Counterfactual-XAI-Verifier\experiments\yolov8_search_comparison\multi_scenario_symmetric\scenarios\multi_scenario_symmetric_plan_v2\S3\initial_condition\frames\frame_0040.png,CD854E908BE1941A362C4B7A2CBFF375A1DA60FFCD8914D77FE90D767E5C529E,19716136E121E044CCECE78A7B99C5891C71D35198C43C1CFCB0ABE4D94ED903,93451043D7BC5D739DFB8A9B6CC5188B2EF946D26356671A1AA94DB821E7175B,1,0
S3,41,C:\Users\lab\Counterfactual-XAI-Verifier\experiments\yolov8_search_comparison\multi_scenario_symmetric\scenarios\multi_scenario_symmetric_plan_v2\S3\initial_condition\frames\frame_0041.png,6CD3341B735BCE5A56D5042D25CF6366A73725525BDA45341119B10942DE87B1,4150F3B01468E2FCB1E6F2D6143734D817F4D893B6C4B9E67638D2BC83BC62D0,2B21FEB92FEA9C21A87BDBA9A12B12D7BD19BBD915D1636CE6354CD78AB30BCB,1,0
S3,42,C:\Users\lab\Counterfactual-XAI-Verifier\experiments\yolov8_search_comparison\multi_scenario_symmetric\scenarios\multi_scenario_symmetric_plan_v2\S3\initial_condition\frames\frame_0042.png,E6DC5552E5AF90B21B9A6F34CA73CD3F8BEA67E2E275243B59FFD330122F615C,22FD0A25DF228D3625F932E2F3A1B3B162D125BA22CE1F38F5CA686C693B8A66,A29AB0F3AA661A3ACEB277CF5048EDE47BE30E7732EC69B5BC36AF90A6B40DB0,1,0
S3,43,C:\Users\lab\Counterfactual-XAI-Verifier\experiments\yolov8_search_comparison\multi_scenario_symmetric\scenarios\multi_scenario_symmetric_plan_v2\S3\initial_condition\frames\frame_0043.png,4067D8B357B693FD878976D051A55D1B092ACEB0DB8D3F2BD77F652EEF369061,CBF38380EFFC14F5BF21C6A75CAA9566CC08C34AA7E1D2112F5DC81AFD54D35B,8D7530EB82C052A21EC22D01986B9883A9715F89FA096BAB8A63A2711860B5B6,1,0
S3,44,C:\Users\lab\Counterfactual-XAI-Verifier\experiments\yolov8_search_comparison\multi_scenario_symmetric\scenarios\multi_scenario_symmetric_plan_v2\S3\initial_condition\frames\frame_0044.png,193E15B0DEFF4FF7CF0F25F770039A89B881E23D7A7E8CA093630F779BC08D56,8B088B14FC6AF0D1B5E18CB92548F8B2D172C7AED2D625EA28D54F9EC8D04BDC,13036CDE56E471E06D908C6A2816F5FB2E28E38596EB1DB7E132C1ACA5FDA0FF,1,0
S3,45,C:\Users\lab\Counterfactual-XAI-Verifier\experiments\yolov8_search_comparison\multi_scenario_symmetric\scenarios\multi_scenario_symmetric_plan_v2\S3\initial_condition\frames\frame_0045.png,5698629D380706B0D9F7AE209820768AEADD5B6CB4523F9B72A4D0F90796EF14,BFF03D54A9E828546DD879DDB3914A7ECEC7A42F898611324E8FD32FAD0A06B6,6F3B38F276C31964DB5B803A4907560EEF5FC1810707125861C8465A2264BE85,1,0
S3,46,C:\Users\lab\Counterfactual-XAI-Verifier\experiments\yolov8_search_comparison\multi_scenario_symmetric\scenarios\multi_scenario_symmetric_plan_v2\S3\initial_condition\frames\frame_0046.png,907AA92EFF4C1222B847B5E2CD70A2C5E6AB762B1E1E887E17EF50E65E0CE4B0,EBE1E504FCD507C24FDF740D7DEC15D83668CCD49E3D346D5AB63DA4BEA7EB34,3372B455CA7637AB58EEC17BF9E7F53AA9CEE65AB0AA3DB077B472660106774F,1,0
S3,47,C:\Users\lab\Counterfactual-XAI-Verifier\experiments\yolov8_search_comparison\multi_scenario_symmetric\scenarios\multi_scenario_symmetric_plan_v2\S3\initial_condition\frames\frame_0047.png,516027377E4783B45272891FD8C0B5BE50AE16018A0D00A8E6833D7276562A3E,D6C31268F19204029A0459B16DA1F0A5C816453F9791BF00C3EAE9A51A4E2AC8,272AAA9CF5DA1C1A7EE830BE802853672F03F78616B2F591CBD6D27161616D2E,1,0
S3,48,C:\Users\lab\Counterfactual-XAI-Verifier\experiments\yolov8_search_comparison\multi_scenario_symmetric\scenarios\multi_scenario_symmetric_plan_v2\S3\initial_condition\frames\frame_0048.png,6A87A7B9F9904B537074CD53BCBA3717DE87338AA8854D09A3A6233D4D1118DD,8C6F744DA77EE4E09AEC5F77F1AF63BB738A853AFE99F32F091BC81CC9398CE8,B0833319CB1D7C1F5E1F15AAAD2FB82B18B768AB6E662D0AB9EE5B389803B7A9,2,0
S3,49,C:\Users\lab\Counterfactual-XAI-Verifier\experiments\yolov8_search_comparison\multi_scenario_symmetric\scenarios\multi_scenario_symmetric_plan_v2\S3\initial_condition\frames\frame_0049.png,0395BC16ABAFF663960BBCB22BF0D74080B992D0C9626C839C301520F667025F,15E48B9852A2B27F6509671005BE960663D3F8DF5A59238B3C3E468CE4013BF0,50EE5055998DED32C9F52A98EED766CC70B3E4915BCCA3B14F390197C31EFBCA,2,0
S3,50,C:\Users\lab\Counterfactual-XAI-Verifier\experiments\yolov8_search_comparison\multi_scenario_symmetric\scenarios\multi_scenario_symmetric_plan_v2\S3\initial_condition\frames\frame_0050.png,8C6CC08B3329BAF6FA6F98EA094D5390B8AFA8A6D96F11C92C9D07141E28DCBF,98E01C5779693A9F125DE8DB987B49873709C995D9714A0E588AB517DC362F8B,322F2556FB59B37A565E12913AB0312383B6930A06F14B8C9FFF14F0A2711F40,2,0
S3,51,C:\Users\lab\Counterfactual-XAI-Verifier\experiments\yolov8_search_comparison\multi_scenario_symmetric\scenarios\multi_scenario_symmetric_plan_v2\S3\initial_condition\frames\frame_0051.png,DB2D9F6268119F3509279B0C1EAEB1F88F1FBA6DF55C9B7E1DF21756F8017AA1,8EE2D2EB2911C956F10736F95B070FBB4FD3C487B892ACF1A92909FF81F176D0,FEA3745AF90AC0C394F624CEF13CAA74790F0F1EBFB0D14D4CE1B2858A151DDE,2,0
S3,52,C:\Users\lab\Counterfactual-XAI-Verifier\experiments\yolov8_search_comparison\multi_scenario_symmetric\scenarios\multi_scenario_symmetric_plan_v2\S3\initial_condition\frames\frame_0052.png,B636E5599DA1E39CC6D2DE1C282E10841CD6E850137495BBDA4496B5D500F9CD,B9E0628F2E91B48480F4C8D2EAC5B8951F60ABF303ACFB030ABD1B04CDA77D68,07DBDA133333D98651E0AD2641FBC07CECE85E102F56C0679E77DE7DF4708CF9,2,0
S3,53,C:\Users\lab\Counterfactual-XAI-Verifier\experiments\yolov8_search_comparison\multi_scenario_symmetric\scenarios\multi_scenario_symmetric_plan_v2\S3\initial_condition\frames\frame_0053.png,83CEAE8F69EFA128DAB57A2EEBF03D30C5C1D1372F1599015B3956F26CC144A7,15150B5513203A6470702C541C4DDD4FA86B095722C10E0DBC5530C02748E298,D1814C4880A2E22073DAD88CD5957E267760539ABAF7C56BEB3EFB1C7DD61D41,2,0
S3,54,C:\Users\lab\Counterfactual-XAI-Verifier\experiments\yolov8_search_comparison\multi_scenario_symmetric\scenarios\multi_scenario_symmetric_plan_v2\S3\initial_condition\frames\frame_0054.png,E871E80A6C086ACEA49EEA39909A2EB3DF22DE6B839B2ABD8FA12A4132CD0896,AD4476A6A110DD6F7C0D44D81FCCAA131867F825AF20F2BDD8B1A6155976DA84,3D696557B4EB0721CD1026D162828A512E46F066AF5B4B32BDA5A8EBA446B15E,2,0
S3,55,C:\Users\lab\Counterfactual-XAI-Verifier\experiments\yolov8_search_comparison\multi_scenario_symmetric\scenarios\multi_scenario_symmetric_plan_v2\S3\initial_condition\frames\frame_0055.png,68B3348D5617E8E622D966383E0CF6436DD22771299A4F5DDB3365E207D07DB7,5780A214DCD061D21C823724F338D1924734CB0F9B49F9ADBF97070B6C97C888,1D4F4EF840B4FE945365F74066741A1412245782717D753EEF64CF2CB1671760,2,0
S3,56,C:\Users\lab\Counterfactual-XAI-Verifier\experiments\yolov8_search_comparison\multi_scenario_symmetric\scenarios\multi_scenario_symmetric_plan_v2\S3\initial_condition\frames\frame_0056.png,BC9699B6ABB65A2E00C517C7A90D51AE6AC0D646AC21995C2A9B267566FE0CC6,BF4CAE975DF8CE5A092B4D6190050D20DA32DA83B64DD31040296C651849FFE3,B7B33CC38DAD78D2BCFBFF50C08A949E2E1145963EE6ECB57AEFF016053F0C50,2,0
S3,57,C:\Users\lab\Counterfactual-XAI-Verifier\experiments\yolov8_search_comparison\multi_scenario_symmetric\scenarios\multi_scenario_symmetric_plan_v2\S3\initial_condition\frames\frame_0057.png,2A820840A2D6ADC69A5183E237114028BF13A551E9CD3390A83FD654C77E7E8C,9A39E942F065E555F2901D57393DA7991B98F44756E9B2DA0CCF057895333D57,B33C2527FD025523791254BDE070A0A5BD84A7534D6D079206F0B384D40CFE81,2,0
S3,58,C:\Users\lab\Counterfactual-XAI-Verifier\experiments\yolov8_search_comparison\multi_scenario_symmetric\scenarios\multi_scenario_symmetric_plan_v2\S3\initial_condition\frames\frame_0058.png,1131069303610A870F2FA55F7F6FD29120569D50EBAC61C8DD8BA57A9E306A5E,D619DB40EFF84C6D74D4DF63BDDB4D22BED15D04F69FEB5F9CC511C46EC42412,C854BC32B1430036C5431AEE4A731E0E95531C95FCEB03E635641B2021240F7F,2,0
S3,59,C:\Users\lab\Counterfactual-XAI-Verifier\experiments\yolov8_search_comparison\multi_scenario_symmetric\scenarios\multi_scenario_symmetric_plan_v2\S3\initial_condition\frames\frame_0059.png,64DCCF0FE039D50E49EAEC82B3C8CECD4698206F37C6A697A4870AA365758F9E,F9D98436A5FA781CBAC9922EBC996AF1C5DAB394F5DC50ED03DBC317CCC9E4C2,BFA788785228AFD6295595A298B3C398790D95980B37BB5517596676B20050C9,2,0
S3,60,C:\Users\lab\Counterfactual-XAI-Verifier\experiments\yolov8_search_comparison\multi_scenario_symmetric\scenarios\multi_scenario_symmetric_plan_v2\S3\initial_condition\frames\frame_0060.png,A924FA4C675E122E1E650828FF4B22BA91495EED53065A08254ABC1213AF8B07,96C90022BE457AE45329F3FDC3DF5389BEEE3D7C69F36E648A60B194FB3873CE,BEE45636A560F6D2ED5C928F781D961E964F26158F22D2DA7545FF887F44951B,2,0
S3,61,C:\Users\lab\Counterfactual-XAI-Verifier\experiments\yolov8_search_comparison\multi_scenario_symmetric\scenarios\multi_scenario_symmetric_plan_v2\S3\initial_condition\frames\frame_0061.png,E617D0B330D1150C1328C2170BC13572CFCDF05070C9F5473B21FCC144830673,55E653835AC59408EA7A9952D1AAF3DAF0DE51B88463221F7E861D62CAC561C5,B4E064BEA4E368E5B107849026571A940FDD4E1DAB16850ABED81B15F607E5D8,2,0
S3,62,C:\Users\lab\Counterfactual-XAI-Verifier\experiments\yolov8_search_comparison\multi_scenario_symmetric\scenarios\multi_scenario_symmetric_plan_v2\S3\initial_condition\frames\frame_0062.png,7E5CF5638230A340D92EC7E310AC8283CEE04504DC96FE06DB548721D2392240,6CB5E9C1E37E06877F06B430EA95FDA57166BFF33A8F3B408DED49D6831E2C11,4052E59F9959E016A074FA6440813E0E27883CF7C3564167E9D13FE5CF2ABCB2,2,0
S3,63,C:\Users\lab\Counterfactual-XAI-Verifier\experiments\yolov8_search_comparison\multi_scenario_symmetric\scenarios\multi_scenario_symmetric_plan_v2\S3\initial_condition\frames\frame_0063.png,9677DA2E29906E6449B5B52902C0C428AF1BE6339CA371E3FA21AC96F24A1A82,70033E7D6C8BD44912C2FE735E4C2F70137B0E6879039D76A9A21220C82F9CCA,31A477AAC75F243BFA039EFE39425323490B0855097D12B3771EDA786D6D4BC0,2,0
S3,64,C:\Users\lab\Counterfactual-XAI-Verifier\experiments\yolov8_search_comparison\multi_scenario_symmetric\scenarios\multi_scenario_symmetric_plan_v2\S3\initial_condition\frames\frame_0064.png,8926005F55C225CE63A8F291C23CD417782593F334E585E6F55E8AA639C1CE9F,CF5F734FC857A5CC8B4B636EB85AFE55FDC6ABBEED4D8789A3B2DEF1A3DC1B9A,2A573D0F103833A56C530BD1354823F4236AFC59719702A2AB6A1685F582A428,2,0
S3,65,C:\Users\lab\Counterfactual-XAI-Verifier\experiments\yolov8_search_comparison\multi_scenario_symmetric\scenarios\multi_scenario_symmetric_plan_v2\S3\initial_condition\frames\frame_0065.png,E4B56B0F2AF0A1AE93C4D08550BDB83D3D2FB758BEE29AC544ED3115018383D5,61420EEC089F458EBF32F11F9B4376927502420FD372063CD652E552E52431C3,06E2DB33E52351CD49BEA63B926B5B5722D492AC307F4C265B58F5D208DD67D7,2,0
S3,66,C:\Users\lab\Counterfactual-XAI-Verifier\experiments\yolov8_search_comparison\multi_scenario_symmetric\scenarios\multi_scenario_symmetric_plan_v2\S3\initial_condition\frames\frame_0066.png,9EF7FEDF61A89D9C46DED963811B039A53B68781250F0A067AD38B7B906423A1,0DF7D51CC06821DAC8ACF9B2A1770CF35BE405447DB6D47E871F0881C17F498F,C15AD92BCDDB851039A1286F9E41D8690F68197FA46DC964A24482BD4CC838DC,2,0
S3,67,C:\Users\lab\Counterfactual-XAI-Verifier\experiments\yolov8_search_comparison\multi_scenario_symmetric\scenarios\multi_scenario_symmetric_plan_v2\S3\initial_condition\frames\frame_0067.png,64A8F18F6B92DDA902FD6F4473EB4AFDED63AA7BDF31363E92605DD0A5332CEA,5FA79B804EFBD42C66C81DC779FA9B7AE26EB43DCBCD32162169520532E8C569,D4F99D94249EE7A6785EB46278369628CDA6D840CE2108202AF794FD6EC364FF,2,0
S3,68,C:\Users\lab\Counterfactual-XAI-Verifier\experiments\yolov8_search_comparison\multi_scenario_symmetric\scenarios\multi_scenario_symmetric_plan_v2\S3\initial_condition\frames\frame_0068.png,8CD7AC4CD7F251E32C0E25D3BE039F6525CBEA119FB8EA42F91E8415FB52410E,93A5A59D10018D6A20F9071CB67616343E16FFF8547462F77AC5B5B5A9FD6377,30909C63F765F348F18116953717F34BBCDB901257B6EB07B37C0728D747DEF9,2,0
S3,69,C:\Users\lab\Counterfactual-XAI-Verifier\experiments\yolov8_search_comparison\multi_scenario_symmetric\scenarios\multi_scenario_symmetric_plan_v2\S3\initial_condition\frames\frame_0069.png,2F7A24B6BDF758BDAFD4ACDACE44521BE523511E26436C4FE33BAA8BA14C88C7,40D66EDC3F30DC3349BDD6E05B72DA18CCDD949BB927746DDACF1C0334C8FC30,2A895BC804692C799704C3D59D96D03C5E807BEE4863468A7EA1C57D353FB9B9,2,0
S3,70,C:\Users\lab\Counterfactual-XAI-Verifier\experiments\yolov8_search_comparison\multi_scenario_symmetric\scenarios\multi_scenario_symmetric_plan_v2\S3\initial_condition\frames\frame_0070.png,DC4B120097123E35D397103F2CBEA7C0575938901369F725CFA9759984625887,F51602BA644B89E30EF8613654447F23177C6874B00CAEC1A41F370F1DE05725,E5AA18AFA8B17F36E702B512FFA8927F84FC8238BF81D6A7CBBEC387725D6162,2,0
S3,71,C:\Users\lab\Counterfactual-XAI-Verifier\experiments\yolov8_search_comparison\multi_scenario_symmetric\scenarios\multi_scenario_symmetric_plan_v2\S3\initial_condition\frames\frame_0071.png,67AC3A0DBEC0B7709B4D438063D4A48EBA75B9EB6EC0BE45386B0F34ECD9BA57,08AD796CB624F2CA6490D1D697DB264B00DE938EAA95444355448C9F81960206,E882B2A05ECD5AB5D52ADD68A289D411C5BCD4A34DF6DCD617B103785C6F6E34,2,0
S3,72,C:\Users\lab\Counterfactual-XAI-Verifier\experiments\yolov8_search_comparison\multi_scenario_symmetric\scenarios\multi_scenario_symmetric_plan_v2\S3\initial_condition\frames\frame_0072.png,3834F0EA2DF27AEDA042D7C607B683F0CB80CF611A4C0D7BEB6F107E983060F2,B9DE439DCFE036042A2770B54B6D42334869655FD02DCB2894A8E645E2C43A91,3D23E87D7FADF62D30F0B7322891B2F7820322C163E5BA3383A9A2440ED83D57,2,0
S3,73,C:\Users\lab\Counterfactual-XAI-Verifier\experiments\yolov8_search_comparison\multi_scenario_symmetric\scenarios\multi_scenario_symmetric_plan_v2\S3\initial_condition\frames\frame_0073.png,437F7D8D759B464DAF387B0DDCC9C73CE5EBAAF88EBF6DBC51620ACCAEFAF561,6AAD13984E209E7CD822155DD59EFF87CED2652D0C6C4669017FAD2A125942CC,F183B3E1421766CAE227D2EB559B889D30DA6B85E77DB61551C079EBDA1DA313,1,0
S3,74,C:\Users\lab\Counterfactual-XAI-Verifier\experiments\yolov8_search_comparison\multi_scenario_symmetric\scenarios\multi_scenario_symmetric_plan_v2\S3\initial_condition\frames\frame_0074.png,8BE245D4BE22FECD7BC32C97C09367FBD28FB98F1E461167F8B4E8F63A2C14D7,0E5EEC42BEF3D42316C57D2640D47C3727476CAC44D087B801FCA360DE174BF7,EE26487CBDC0906C16814AA5D4D9F601223E0B3C6D5F5DB4BE593225EF486875,1,0
S3,75,C:\Users\lab\Counterfactual-XAI-Verifier\experiments\yolov8_search_comparison\multi_scenario_symmetric\scenarios\multi_scenario_symmetric_plan_v2\S3\initial_condition\frames\frame_0075.png,E0E6641557079BDF6338CB3462EEFA2F57C72AB5AE1FD9616A09E1D9456C5086,7FB92A820EF118F9129A9A7D7FD045A4964F4FD3EDB36C7FAA48CD5BEE0B5741,9E0FDA3E187AEF39D25EC65F3EB5BFC3623D3F3CDAAC15A049AA6A84AEC1BF53,1,0
S3,76,C:\Users\lab\Counterfactual-XAI-Verifier\experiments\yolov8_search_comparison\multi_scenario_symmetric\scenarios\multi_scenario_symmetric_plan_v2\S3\initial_condition\frames\frame_0076.png,263AD158BD336CFC2CB4D7795E2A6DC16C352CABE822E795184A5115334EF1AD,8A21EC00B5CD79CB95BF411C9DF493F1255CB739FA87EEB8CFA96D44E5CD5186,4D186CDF8DFDCA87295A5837A60C0354730C3163C46C46F8A08B088564BA1730,1,0
S3,77,C:\Users\lab\Counterfactual-XAI-Verifier\experiments\yolov8_search_comparison\multi_scenario_symmetric\scenarios\multi_scenario_symmetric_plan_v2\S3\initial_condition\frames\frame_0077.png,6CF14E2A897735D99E5697FA2323D0185B7D398EA10A7998B1C950A5A8D88089,7B0D3AE1A197116EFBC80509F24CE5BB648ACDEE010A8535AB8E35F6695A4346,6DDB7CFB46BC79731ECF258B86DAC2B12645718C503A5622099C372E587430A2,1,0
S3,78,C:\Users\lab\Counterfactual-XAI-Verifier\experiments\yolov8_search_comparison\multi_scenario_symmetric\scenarios\multi_scenario_symmetric_plan_v2\S3\initial_condition\frames\frame_0078.png,46CEE6CA1275A5EF6F83DBD52D262301832344BA5525BEE2F41A16C52A1B0CC8,25701458799790DC7029A6CDF211D5ED9E03310E607A2205DC1A10F34FC964AD,A5752739379F7ACBE6F818422566F5F2C89FE96A04CD5E3D7D69DEEBE07B4CB4,1,0
S3,79,C:\Users\lab\Counterfactual-XAI-Verifier\experiments\yolov8_search_comparison\multi_scenario_symmetric\scenarios\multi_scenario_symmetric_plan_v2\S3\initial_condition\frames\frame_0079.png,7BDF5DF9BD34044EEC10513DBD957DF3E409C5DB49E17057024C1899820C351B,42AE7DCCC4B3C5860B77231F7D4FD56BAD98F341A25941420DAB5E1AE305F3FD,B3BFA54F934DFB45A837EFF622693D82FEB9B83537FB6EF877A001BB1751AAD8,1,1
S3,80,C:\Users\lab\Counterfactual-XAI-Verifier\experiments\yolov8_search_comparison\multi_scenario_symmetric\scenarios\multi_scenario_symmetric_plan_v2\S3\initial_condition\frames\frame_0080.png,364CCD94FA95BBCE80B786DED1C2644F39E022DBCEF1F1C07D343D62149A2B67,7BE776FF33EEF116B3300BE6C7E81E1615C81D55895796C0D1498B3E495C26E7,BD59493562BEA192983C9C58281CD44C7C5A64FA2915ED839CEF3AB4016EA1B4,1,1
S3,81,C:\Users\lab\Counterfactual-XAI-Verifier\experiments\yolov8_search_comparison\multi_scenario_symmetric\scenarios\multi_scenario_symmetric_plan_v2\S3\initial_condition\frames\frame_0081.png,DC14FE75283BDB670BDCBA8E60E891EF2B9B37486456DFF0E6CCC3B610A181A4,81CC968BA8646603786E3ADE0849CB1779D71E046D98A008619CF05556F52692,7FFEEE207EC6AA2881C7727C11D2C3AEF8234CB35469CEB4C2D9634DCBAEC56E,1,1
S3,82,C:\Users\lab\Counterfactual-XAI-Verifier\experiments\yolov8_search_comparison\multi_scenario_symmetric\scenarios\multi_scenario_symmetric_plan_v2\S3\initial_condition\frames\frame_0082.png,56DD114046FBFE3CE01204B1F0FB2FF09B64AED2C264995B3DF212AA306E92C3,206526D6961526BCA4BFAE5046D0A723AC30E574A1BF097C10724D7D54255688,96ACBAEB963778DC706CFBB05BDF3406945DB7A51D79053AC55D506B48AF3622,1,1
S3,83,C:\Users\lab\Counterfactual-XAI-Verifier\experiments\yolov8_search_comparison\multi_scenario_symmetric\scenarios\multi_scenario_symmetric_plan_v2\S3\initial_condition\frames\frame_0083.png,37AE4F1807FA5170833D016CE4A86EC57E4506966517CCFB4CC1F4593B760276,1D77AAA2B369F1A82392774227479A6F999079D39FCA6263457AC2A275AEBAD7,639C18042E5348A270E0E0EC19DF8B843B7733FF5231CF2927757FABC35A1C54,1,1
S3,84,C:\Users\lab\Counterfactual-XAI-Verifier\experiments\yolov8_search_comparison\multi_scenario_symmetric\scenarios\multi_scenario_symmetric_plan_v2\S3\initial_condition\frames\frame_0084.png,D445CBF90A412243CF6339ACE9B801D010F16FEAA2AB012BE290E3996ED19A5E,0A6A366F0949B06F258699611717101513558F3BB401A311D034A4395607D61A,9E2FE225A3A94A30372098CC8DA422AEA92F9B9115E4215F4CB527B99FB1E0AD,1,1
S3,85,C:\Users\lab\Counterfactual-XAI-Verifier\experiments\yolov8_search_comparison\multi_scenario_symmetric\scenarios\multi_scenario_symmetric_plan_v2\S3\initial_condition\frames\frame_0085.png,5B78E6438AA0E22DFD773EDE995A9DB5597908A260E431F485F55A79F0A989AE,F96E81AB5C67E6D06C2322DE53D891FC2C0911C7EA4975640672D8B656D41CDD,E8E26D390193E488E6FB47677AF854D019736FF9C03A2E810FAFD1FD0F5C391C,1,1
S3,86,C:\Users\lab\Counterfactual-XAI-Verifier\experiments\yolov8_search_comparison\multi_scenario_symmetric\scenarios\multi_scenario_symmetric_plan_v2\S3\initial_condition\frames\frame_0086.png,AA8E9AFB0DC6FA683306428CD973CFBD56DB41FC2F5DBDE2E4EDAD7F8EF8C1B9,5CB66047BB8CCFFCA8F82853AE1AD1E567997105F90C14BFA9B0E8EF29E9952F,15454ED71E12F060E7F445DEF46A5A9D490362A5C913B3B22413400B5C535675,1,1
S3,87,C:\Users\lab\Counterfactual-XAI-Verifier\experiments\yolov8_search_comparison\multi_scenario_symmetric\scenarios\multi_scenario_symmetric_plan_v2\S3\initial_condition\frames\frame_0087.png,286FF529C6545BDDCB4244B8958AF606F32232ACCBA154B8EE631844CBA26951,4EDAB7D9A74E5A50EC68A3EA24CB621D84EEC5323FA1F37DA3903CEDFCC23092,9E19B900C7DA530F232C9A256122A8B6EA4D8504385914BE59957E0E4715DE95,1,1
S3,88,C:\Users\lab\Counterfactual-XAI-Verifier\experiments\yolov8_search_comparison\multi_scenario_symmetric\scenarios\multi_scenario_symmetric_plan_v2\S3\initial_condition\frames\frame_0088.png,60E638FA3EE5A9A2EAF18131F48C1FBED0104F0C5DC536A449494A3398A9396D,13363E37855ECE59B6F97209C797CE4EAADE05872DBF82E1BCDBB26C58CEED4E,FDEC1C576E2D41B56576A30BC26262F9B544C578730789194E521B8D4C6BF63D,1,1
S3,89,C:\Users\lab\Counterfactual-XAI-Verifier\experiments\yolov8_search_comparison\multi_scenario_symmetric\scenarios\multi_scenario_symmetric_plan_v2\S3\initial_condition\frames\frame_0089.png,266B3583F16B0AE39C256B641FB9FC7980EE9802648846A5110EB4316B5787AE,EE575EED40BD01E914FCD5C4E59C31A104C2E1642556ACD02036FFD48590CF70,55B82F6086C8F9D8210C53D7D961118B41058BFA063821D48F8A53DDB7007EE5,1,1
S3,90,C:\Users\lab\Counterfactual-XAI-Verifier\experiments\yolov8_search_comparison\multi_scenario_symmetric\scenarios\multi_scenario_symmetric_plan_v2\S3\initial_condition\frames\frame_0090.png,02B47150974CEFC1BC22E9FA53CCC097BFB601389A7AD6D7221BEE608135003C,CC73CCC1D7F6D1D55C93A4E8E5165A7DA4AE0066280BAD2148A19CEBAF4E3068,4F757D1F1F5E60449A70715576B4AD9A0B0E3E3C36DE6CE2AB3EF91210C90B1D,1,1
S3,91,C:\Users\lab\Counterfactual-XAI-Verifier\experiments\yolov8_search_comparison\multi_scenario_symmetric\scenarios\multi_scenario_symmetric_plan_v2\S3\initial_condition\frames\frame_0091.png,D0CAA16D010DBF47E4EC62177B3DF9DEA41A3178BCBDCB15D65F7E26E9495D62,EA9A27359AD392C08254B892A2DAE39DF036777F65A6E2CB2BC0FA049CE8CBF3,8D69BC5D4698CDDEA5A4565B2605BB287693C3FDF8EE8F9FDAD1486652BA94EE,1,1
S3,92,C:\Users\lab\Counterfactual-XAI-Verifier\experiments\yolov8_search_comparison\multi_scenario_symmetric\scenarios\multi_scenario_symmetric_plan_v2\S3\initial_condition\frames\frame_0092.png,36885910873CA3BE49EE540E23D115011C0498C0C66AE65A97772EDC3F487DEF,42D22A8CCFB26FCFA56DCB8ACE50F63209A6E96DCABECC21A48FDCCB9D4F77C0,68AB859CE001FFD7974E7DE077D5877A2C7795C58FEB9D986BB27BB2D0B03804,1,1
S3,93,C:\Users\lab\Counterfactual-XAI-Verifier\experiments\yolov8_search_comparison\multi_scenario_symmetric\scenarios\multi_scenario_symmetric_plan_v2\S3\initial_condition\frames\frame_0093.png,2E83068A6460097E5B6E8A1D0917098D42AE8EF8E21C175367958CE3DF0C7B86,C8A0DA64D620EDC2B71763E74B9870B9486916A82C507D8B1CAA51082F7FEE98,8B53C9A7959F1DB4D42DD9CFB906590F1E70E31C7D1268DD661751F7201DF98E,1,1
S3,94,C:\Users\lab\Counterfactual-XAI-Verifier\experiments\yolov8_search_comparison\multi_scenario_symmetric\scenarios\multi_scenario_symmetric_plan_v2\S3\initial_condition\frames\frame_0094.png,7310560AF310B461E632F1D4BEB4B7B0BA6038FF8AD11775748E3A7B11C734EC,2F9CACC4D17DAFB54BAE8C22A00F69B516B11227B3891535EBCCAA76EAD8019D,D1AD01A04F5519102D34663BD55C52FD8BAB25E8313E40F61E66DD47D3932267,1,1
S3,95,C:\Users\lab\Counterfactual-XAI-Verifier\experiments\yolov8_search_comparison\multi_scenario_symmetric\scenarios\multi_scenario_symmetric_plan_v2\S3\initial_condition\frames\frame_0095.png,E33E665397E56ED9EAE5CAE80C6D3114EDF77698F23DB4D13EA39EF549FF3026,33F6C0A16C7C2C28BF86C85186EB3935FD9C14C24F7EF69D1AAB041BEA49CEA9,0E7FC7AAE4C959304C37745082C5BD1E91C762B940A9C4B13FDF2D27F0A43CC5,1,1
S3,96,C:\Users\lab\Counterfactual-XAI-Verifier\experiments\yolov8_search_comparison\multi_scenario_symmetric\scenarios\multi_scenario_symmetric_plan_v2\S3\initial_condition\frames\frame_0096.png,CE63F02CCECCBD003E76F13E8615EF32ADF6F2D48717ECD9EC7CBEA35083D382,30F765839819C066D0B5B47E7ED5B8C2A304F2BA64124C7A690447AE1579A338,F925A918F7B9E79E6E175593CF1DE1B8E3DB97E7CF7132B94FAE661044E7222B,1,1
S3,97,C:\Users\lab\Counterfactual-XAI-Verifier\experiments\yolov8_search_comparison\multi_scenario_symmetric\scenarios\multi_scenario_symmetric_plan_v2\S3\initial_condition\frames\frame_0097.png,49C34E83A1FAD7C57C086BD1FD395611F2147E18A1D51AEA3A67FCB0DCE3AE0F,217534F5B1261D6D08C95B2F3EDE62CB56CEE5F7F961E862CD2E49AF92D8D215,1957F1647A4F73AC495C824CFC057E4A0589F0708596DF5A76DA87736456A8F0,1,1
S3,98,C:\Users\lab\Counterfactual-XAI-Verifier\experiments\yolov8_search_comparison\multi_scenario_symmetric\scenarios\multi_scenario_symmetric_plan_v2\S3\initial_condition\frames\frame_0098.png,6FB5877551A54D15B0042C64118230D58BCDA4904937978BDD32AD7CD5667684,E81C6311334D090D60EBE67EB24D89C3AD9085EF3269F90B51CC6947B6E151A2,81CFA35B30EBC88F82CE5335BC1B19602D7A365E5D885D654ED5000AFBA24399,1,1
S3,99,C:\Users\lab\Counterfactual-XAI-Verifier\experiments\yolov8_search_comparison\multi_scenario_symmetric\scenarios\multi_scenario_symmetric_plan_v2\S3\initial_condition\frames\frame_0099.png,52D906DD51BA5297A8E40A7E7CC83A5754D8B246FA1BDD2EF346B00F32D45E9A,F7E7DEA072C2D877B2283D1D6756A811B8A57F4E572FAB6BFE06E6979054D08E,1E37DA0896FA74037830F7EDE717AFC74CE3A006B14F5569DF67B229B5CB2AEB,1,1
S3,100,C:\Users\lab\Counterfactual-XAI-Verifier\experiments\yolov8_search_comparison\multi_scenario_symmetric\scenarios\multi_scenario_symmetric_plan_v2\S3\initial_condition\frames\frame_0100.png,1A477060CE638ACDE64755A304048D2C96B5CAAA5978E6221459370E3C628903,6E3063052FA86A1DC70171F466BE5E24F38093A264651CB211103FAF715CAD09,2995DC4DF9913939F987B2DBA56F55F75D5681741C41F006C4D2676566DC4BD6,1,1
S3,101,C:\Users\lab\Counterfactual-XAI-Verifier\experiments\yolov8_search_comparison\multi_scenario_symmetric\scenarios\multi_scenario_symmetric_plan_v2\S3\initial_condition\frames\frame_0101.png,2E55C6398C942F8E09085325B7826252F27E1CD7A5021ADE60D68128740D7FB9,9C8BEAA84FC199B4C1F72DA4BFE121B94AA93E5A4D73EA0A9BAD33790310DF56,AF59AA417445907012B8F69CE389162668A6503732860C283DE2003A000407AC,1,1
S3,102,C:\Users\lab\Counterfactual-XAI-Verifier\experiments\yolov8_search_comparison\multi_scenario_symmetric\scenarios\multi_scenario_symmetric_plan_v2\S3\initial_condition\frames\frame_0102.png,1949B7442BB92BD121338537791579DFFA161AE2B95C5384E84631A9DC4C7E1C,6E62563CBD0988586B4095E2E24DE162627EABC62F3AA2882615009CBEBE5E10,0544B6C56B42761F074A92801F64E4E74AE6879731AC75E5EA57BBFC7F539157,1,1
S3,103,C:\Users\lab\Counterfactual-XAI-Verifier\experiments\yolov8_search_comparison\multi_scenario_symmetric\scenarios\multi_scenario_symmetric_plan_v2\S3\initial_condition\frames\frame_0103.png,24B7C2875833658FE3683303B00A4EC6B55F075A05EE9BF78F01EB13048E01BF,43154D29E5850F4FE98C3D94BAEF9A582B2962D9FE968FE68647699550880362,DCD5D53F56FEF041FDDB72183DD44B8713A95254EB1E28D57BDD603FB9870CFD,1,1
S3,104,C:\Users\lab\Counterfactual-XAI-Verifier\experiments\yolov8_search_comparison\multi_scenario_symmetric\scenarios\multi_scenario_symmetric_plan_v2\S3\initial_condition\frames\frame_0104.png,0E9D445B9D5842F1292B3ACF80DD40E9FC6F4ED51DDB48590C656DB252ED74A6,9AE3BBE2DD2FFAA642109F26CD9962743F93B56D30508DA3D6814BBE77366FF8,E7E9CE2F327B031286CF5E7861CC68114EFCF8666E46F85743CCA9F8A90A9819,1,1
S3,105,C:\Users\lab\Counterfactual-XAI-Verifier\experiments\yolov8_search_comparison\multi_scenario_symmetric\scenarios\multi_scenario_symmetric_plan_v2\S3\initial_condition\frames\frame_0105.png,8B93287B13E0682FC14C6B632D9A43C1C8EBBA25BBCD53400C2124C1099E2530,D76ED74446F3AF78D720306B8D403377DAAB4C3BD49C30BF1AC5B64BED6B14C2,798CA7EF3CB2E3CD68847FC1099215637287D3501F7716A08B8DFA8BB9B0B90F,0,1
S3,106,C:\Users\lab\Counterfactual-XAI-Verifier\experiments\yolov8_search_comparison\multi_scenario_symmetric\scenarios\multi_scenario_symmetric_plan_v2\S3\initial_condition\frames\frame_0106.png,B4F9072ACC8DE7BA43904169C0A8A8BCF68BA2966882868D87DC92B551EE9F0B,E844A11B5D3E84CA19C4DA08625C528114FF72AD8F20973FCCDB246707A2EFAF,C7F8F6D4D44877C3C2A410C4CFB6B172F10F62BB6DF63D45559939013F623F33,0,1
S3,107,C:\Users\lab\Counterfactual-XAI-Verifier\experiments\yolov8_search_comparison\multi_scenario_symmetric\scenarios\multi_scenario_symmetric_plan_v2\S3\initial_condition\frames\frame_0107.png,60565124D15ADA33B844882FBCD9690B328D2D2203A16DB2B765B64060CEC93F,0167C79CF263DCEA91B8280EC9D7F49BDEB47EA815B2472861AEF4AEA97828D5,5739040248F74C0816F0BA73AD6022BC98A284066964AE5D7B214005DDBCF347,0,1
S3,108,C:\Users\lab\Counterfactual-XAI-Verifier\experiments\yolov8_search_comparison\multi_scenario_symmetric\scenarios\multi_scenario_symmetric_plan_v2\S3\initial_condition\frames\frame_0108.png,4C7DB7E442DDCB7232713D89722FF188BEB60C4889E739DB06FA47775D802C82,8B2D0FA595F0B36264DDA60C5ADD8A5EF50B2CE86E3807B9CB34F8F80016D5DC,E8856FD42ED68944448E32278F339494CCA646339E7667B88354FD3342B37589,0,1
S3,109,C:\Users\lab\Counterfactual-XAI-Verifier\experiments\yolov8_search_comparison\multi_scenario_symmetric\scenarios\multi_scenario_symmetric_plan_v2\S3\initial_condition\frames\frame_0109.png,D9B090C1E50B6D7CFC6A601F8B33318126C61D0255D0250ECC6F194764DD163B,B769358F3D8C50F8C6FF04A331D1F529F424196FB474CDB9AC51D89E37CC667D,0679A897600F9F0AC4AC678796276D344026D086A2AF8D1E43721551CBC55269,0,1
S3,110,C:\Users\lab\Counterfactual-XAI-Verifier\experiments\yolov8_search_comparison\multi_scenario_symmetric\scenarios\multi_scenario_symmetric_plan_v2\S3\initial_condition\frames\frame_0110.png,C0B7280BC6169485D05DAD565BC394BEE3FDDE2283F671B7ED83B7F2F452AF33,64C68374843BAC8BC64266D207287DAC589671AA759CE4F79F73E14628A5F144,DA9E6B62FA232E8ADC9F20BF21ACA93411BB18ED1187CEF92308DABE1432DBE2,0,1
S3,111,C:\Users\lab\Counterfactual-XAI-Verifier\experiments\yolov8_search_comparison\multi_scenario_symmetric\scenarios\multi_scenario_symmetric_plan_v2\S3\initial_condition\frames\frame_0111.png,1528D806D881C8370D187F2ED7F6F0F241A85B444892D8898F1A0AE86F8B83F9,052BEF516451A5E8437F035BB273CA1FD388B9906A80BA70DEF3FC59132D57B6,51E2BE2F2E829D23A2A986AAF56F5EB05A8213F9FE7B9E54F4CB75347A7E180F,0,1
S3,112,C:\Users\lab\Counterfactual-XAI-Verifier\experiments\yolov8_search_comparison\multi_scenario_symmetric\scenarios\multi_scenario_symmetric_plan_v2\S3\initial_condition\frames\frame_0112.png,A68EE783C95D351308D0A52945933E1625652AC0C6BC49F34BA966970DF3E46C,FB5145819A6E11CCE803ED293C8BBE40C5CDFACA68CAF07994F80A5A5E848821,DF68C863F1E3A3EF38C1E39EFC51CD590BACD56A55EF21E45D6709FB98D53F94,0,1
S3,113,C:\Users\lab\Counterfactual-XAI-Verifier\experiments\yolov8_search_comparison\multi_scenario_symmetric\scenarios\multi_scenario_symmetric_plan_v2\S3\initial_condition\frames\frame_0113.png,0A85A84C6569F9EF5A02D41BEE4540F88E5D3C3C5B1B7A7C7ACFB93E1DF56B8A,493C9F3DC89FDCE4FDB76BB0AE7D98515DAB0D4534BAE4B41FF5CCD73D270627,1CB34871E7373E77E5FF8080492D12DF05456632BC6E87F7338D13595E92C85F,0,1
S3,114,C:\Users\lab\Counterfactual-XAI-Verifier\experiments\yolov8_search_comparison\multi_scenario_symmetric\scenarios\multi_scenario_symmetric_plan_v2\S3\initial_condition\frames\frame_0114.png,4879331CA9DFAB2CD1FF89B268DB372D7E7810EC5EA410E6B4555C8AD2D6627F,65D15399C8FA41FE045E7A93D939A6A2F1AF72A1B1FB73B65A8C1740C66E3FDD,44115A9C861C3FB643F2E40D16BBEEC71A825572035F4F5A82721B973FEAF49A,0,1
S3,115,C:\Users\lab\Counterfactual-XAI-Verifier\experiments\yolov8_search_comparison\multi_scenario_symmetric\scenarios\multi_scenario_symmetric_plan_v2\S3\initial_condition\frames\frame_0115.png,380A7BC60F1BC7846D87C5A6A1138B7A6D7F0D7D63EA25957FC5291D802EB1BD,61E25858B96F7107321CAB9EF9B13D4F6BB9CBC35D2BC6D33C9BE6946E9F7502,A594FACB32315AF1FF933650626F37FB1AE695EC0F074E4557422250BA24A12F,0,1
S3,116,C:\Users\lab\Counterfactual-XAI-Verifier\experiments\yolov8_search_comparison\multi_scenario_symmetric\scenarios\multi_scenario_symmetric_plan_v2\S3\initial_condition\frames\frame_0116.png,50F66965670ECAD62ACF4F632ED01FF7342B580C3948B0A07F3A7317E571C971,20B984C94419D7C505DADB8926A4AF7BA584A1560D3A96506393812D3BA7C55D,D9504BA22916A104F06EE8C14493D0E48F30522D75ABB799EC113CA4ED012BF6,0,2
S3,117,C:\Users\lab\Counterfactual-XAI-Verifier\experiments\yolov8_search_comparison\multi_scenario_symmetric\scenarios\multi_scenario_symmetric_plan_v2\S3\initial_condition\frames\frame_0117.png,30E6A7A5D6623A2B349071A2D8176BF5364BE616D2677F48BEDE1A0A8CCE6660,F9CCA1B1DB53A8D04AE7E211E202B3E10A5BBD2ACF7C173E4851D1924F846633,8729E80CFFC97E20FBF67E780F11952753ECE93537A9CAA8FEB9A5483788A7E7,0,2
S3,118,C:\Users\lab\Counterfactual-XAI-Verifier\experiments\yolov8_search_comparison\multi_scenario_symmetric\scenarios\multi_scenario_symmetric_plan_v2\S3\initial_condition\frames\frame_0118.png,8780E8F2FC62CDAB3F8D3D50753AF5CA9485DE5489086F1C2F1A784BF1A21481,68551C6AAE9EBD25623A21D810072FBEF838A5FCBFD2820E3D0DF4FD5447F7AA,7A2717C27B612CCD0C2C6B408C7E758882B3A80CAB73AD549C0243EF01879B51,0,2
S3,119,C:\Users\lab\Counterfactual-XAI-Verifier\experiments\yolov8_search_comparison\multi_scenario_symmetric\scenarios\multi_scenario_symmetric_plan_v2\S3\initial_condition\frames\frame_0119.png,F6E8D268B82B8C3EE468F55DC225074D10DEA7A702B5B6C2D4F14DFD8B0C03D4,E6E0AB95EE314F240BDF7D975F63DAE7D0C06E6CE0195EEF57986CB4B44DFC13,BA79B60C5761AD4E2DB7F93C45DE18B1FB3C0A01B6377C6934BD3408833F17EC,0,2
S3,120,C:\Users\lab\Counterfactual-XAI-Verifier\experiments\yolov8_search_comparison\multi_scenario_symmetric\scenarios\multi_scenario_symmetric_plan_v2\S3\initial_condition\frames\frame_0120.png,AADEF0E53A34B1BAC9EA8D70322C0898866155CCA0F5A4E8DDF89F8A578ABEFE,A2C43B5CD1A29442C3F57A5239516DDE765D549B2AEDA8F610FCB8D2F2C14117,2E5D8241017EF3BFECF4B55F7F590C281A999A22AA9D6CAF350D6C88C7773663,0,2
S3,121,C:\Users\lab\Counterfactual-XAI-Verifier\experiments\yolov8_search_comparison\multi_scenario_symmetric\scenarios\multi_scenario_symmetric_plan_v2\S3\initial_condition\frames\frame_0121.png,512CFD8462597749353C0BF21638CD53295F4314E4AC0E206B8FD95244E8D0A7,1FDC8868231A76D00618BA202D0ACB4A2B716F62053A4D783BEAF42CEC7363C2,9671A9A93005FCB43B29118F899F998457C1A915F53ABD40C40FD1EC60F61728,0,2
S3,122,C:\Users\lab\Counterfactual-XAI-Verifier\experiments\yolov8_search_comparison\multi_scenario_symmetric\scenarios\multi_scenario_symmetric_plan_v2\S3\initial_condition\frames\frame_0122.png,E316CB1F1FF8E81AFD965B95E27703C32826B56985AA326A377FF16AC014AF85,9ECB6566343AF57DA00C28F88B138AC36E396F9D62EB5FCB7A8C99830F905F99,DCC3E15E5A8B56DCFF591EBFACE7EBDE1B5B83311BFF1BB313C33A2EDA42E993,0,2
S3,123,C:\Users\lab\Counterfactual-XAI-Verifier\experiments\yolov8_search_comparison\multi_scenario_symmetric\scenarios\multi_scenario_symmetric_plan_v2\S3\initial_condition\frames\frame_0123.png,510B817B6C5E5E6E0E26C1A011295872CB49F73C368941FEE218C42A2C72CDD2,C55E7198CC0CEA9BE7897EA560F1FD90458E3C2A10462A4AC8FDDF97647C0DB2,C2C7F829F44C7450FE23EA43524A5041AA2C7708C112AC0C878CA7CF53F1D4C2,0,2
S3,124,C:\Users\lab\Counterfactual-XAI-Verifier\experiments\yolov8_search_comparison\multi_scenario_symmetric\scenarios\multi_scenario_symmetric_plan_v2\S3\initial_condition\frames\frame_0124.png,045E874EE940441131B635052FDF7DE15909A07F10AFA33EB7C74CD13C7F413C,783DA2F0F4DE1326C698C0A8D155F346C3D5F6FEEEBCD00A06D2A5FA4AF4E738,8C8F8FA4B056F8E1032914F0E1EB6046BB2A7C561A63ED72610173FFBDD59ED2,0,2
S3,125,C:\Users\lab\Counterfactual-XAI-Verifier\experiments\yolov8_search_comparison\multi_scenario_symmetric\scenarios\multi_scenario_symmetric_plan_v2\S3\initial_condition\frames\frame_0125.png,B060B80EE68E1E62CD11408E69CA04CCA4545E087D20E57DE01F78419EA0D32B,3D82DEFF35761D98CCBFECC16EE07D555C0B3E203617B7D7B22BECF6DF86E88D,FD11C07A6D9CC141BB820B7C26D6B0624CB93EB40CD90A2A2BE45F988467762E,0,2
S3,126,C:\Users\lab\Counterfactual-XAI-Verifier\experiments\yolov8_search_comparison\multi_scenario_symmetric\scenarios\multi_scenario_symmetric_plan_v2\S3\initial_condition\frames\frame_0126.png,EC58832A4DEB11556902C3667DCDC63F1C03C53563DFA63841DFF20A8E0A6EE9,30681EEFB0BAE44749FF40236EBD4472922CB584C61A750760EA76E209320233,B4B9AC9515B488D899E372451F36A9CEEB1E3A9542692FBFA18049709B9E6558,0,2
S3,127,C:\Users\lab\Counterfactual-XAI-Verifier\experiments\yolov8_search_comparison\multi_scenario_symmetric\scenarios\multi_scenario_symmetric_plan_v2\S3\initial_condition\frames\frame_0127.png,E0458805A818FFE020B11E4FDE71B01092C951A642F267A6C1F69F399DE6D4FD,F855A06852B71F6AE0CD31DE3EF30546750C7CE79041CB3017C5F932FF850599,0B2405A03E8198365F618EAA6764DFAAA09FD210324735A6E2D120F91856D7D9,0,2
S3,128,C:\Users\lab\Counterfactual-XAI-Verifier\experiments\yolov8_search_comparison\multi_scenario_symmetric\scenarios\multi_scenario_symmetric_plan_v2\S3\initial_condition\frames\frame_0128.png,38275E14991FBCFBCA9D1CE1389D64BB82934387ED2724727A4432237A3315CD,0DFDFFCE0EC7A069C812CA8A53C767E6114BCB5345EA5BDD415D4D3B9659AE41,8688AC12B5FA77A1762F4472DF8E03D660B0411154215496F41B8DB887900C19,0,2
S3,129,C:\Users\lab\Counterfactual-XAI-Verifier\experiments\yolov8_search_comparison\multi_scenario_symmetric\scenarios\multi_scenario_symmetric_plan_v2\S3\initial_condition\frames\frame_0129.png,BA047FA60D952472D1DF1911DD9E17986FF6996983BEFCDC9E496F51B6C309FD,8D7C60ABF1D1B4A5C825232A232FF486A71BE4FC4464359F5893BFCB773A0111,E20475CBE284D358E9835789B71E418A3D53861D98B51A23346D1A09484DDC89,0,2
S3,130,C:\Users\lab\Counterfactual-XAI-Verifier\experiments\yolov8_search_comparison\multi_scenario_symmetric\scenarios\multi_scenario_symmetric_plan_v2\S3\initial_condition\frames\frame_0130.png,E18A97DB51B7D41BB8E8A3E3921C40C789C62B1549C5DD63206E000AB7B08079,DFB5B606642DBF68E2400069403A59CA3C5533DDFB6C2DC0AA520F3225A014E2,69E0F329F6A75437BA646432DAA73E14C656630D28E15658E786E2DC1B7F7C28,0,2
S3,131,C:\Users\lab\Counterfactual-XAI-Verifier\experiments\yolov8_search_comparison\multi_scenario_symmetric\scenarios\multi_scenario_symmetric_plan_v2\S3\initial_condition\frames\frame_0131.png,9BF99B6052FD7B0C7399DF2B7BEEA559EFABD41D53F6CA8C6875C89133CA985C,94F543359E0CBDF9F56A4343F20495A33B97C181268D7B2EA70B51420A9223FA,36FC57FA562BD6F9C1DCD2F0E3B4FB2732A63A2E3BF008E078A8D86EE5BD6FA6,0,2
S3,132,C:\Users\lab\Counterfactual-XAI-Verifier\experiments\yolov8_search_comparison\multi_scenario_symmetric\scenarios\multi_scenario_symmetric_plan_v2\S3\initial_condition\frames\frame_0132.png,BEEEEEA5090B4C309028EABA9A995105F0F7DDF2F18E6D96129B101F3F227335,BF2FC137C9697B7E25F62B31208C612E321739182B68ECCF4DF4DF561898445B,E9C287557C14599CF6CD991B9638F992B4B0635F857CB98450B9F3306AAF64A9,0,2
S3,133,C:\Users\lab\Counterfactual-XAI-Verifier\experiments\yolov8_search_comparison\multi_scenario_symmetric\scenarios\multi_scenario_symmetric_plan_v2\S3\initial_condition\frames\frame_0133.png,6C16AE417179ABB180DB7F72DEC7AE3317437564386946A04347BB24561D0C9E,34DBD0E1DBCDF4DC8077230CCC45AACE5A070EDF4EE2D35EAB68F6C2CCBFA73A,03D205FEF79F25DFEFD79C6BFEA6B3E4044707A58942EAD3F9E13F27896F19C2,0,2
S3,134,C:\Users\lab\Counterfactual-XAI-Verifier\experiments\yolov8_search_comparison\multi_scenario_symmetric\scenarios\multi_scenario_symmetric_plan_v2\S3\initial_condition\frames\frame_0134.png,AB5C74E983894F72A09387B0CE2C9D83D32308B0EE175C7DB129E2A51ECDF280,8F4B25AC3654AE43964CBC55B605F0B9D60B75FD87D005843A806DF2AADD40A8,FDCC1A1B0A14E9D14899DF24E0F1DCF295FB5279716D89437257F6BDE8FC79C9,0,2
S3,135,C:\Users\lab\Counterfactual-XAI-Verifier\experiments\yolov8_search_comparison\multi_scenario_symmetric\scenarios\multi_scenario_symmetric_plan_v2\S3\initial_condition\frames\frame_0135.png,60D311A6041910DFF395DCADA6E2A9B82682D59A3CC500028F976B1C770A4128,C40B6A14006BF032A58ED6F518E3D5EC3B68BC86327B253EDDCA257AB49E7B70,CD8F453F435C5BD84FC8B8E0110BC263EF400116139C9DF59CC7E85D48A6236C,0,2
S3,136,C:\Users\lab\Counterfactual-XAI-Verifier\experiments\yolov8_search_comparison\multi_scenario_symmetric\scenarios\multi_scenario_symmetric_plan_v2\S3\initial_condition\frames\frame_0136.png,7C6C82EFE6A7C4BBCD61675929D2CF3238BFDB653338E55FABA0D7E3A890E4B2,9C065E4A7CCC27FA0B34DDAAD46FC7B438E7E560C83762DC621677BEC077C514,B2D18CB193DE2338580FE37E6CD7FB95A2D1EBDB8B635E0C695DAD77720A3A71,0,2
S3,137,C:\Users\lab\Counterfactual-XAI-Verifier\experiments\yolov8_search_comparison\multi_scenario_symmetric\scenarios\multi_scenario_symmetric_plan_v2\S3\initial_condition\frames\frame_0137.png,BB092F5270C020234EEE60FA22DFB1DC381CD28DE6A1A61D4A3C352FA45979CD,9F1002B6608C5D67ECBDF20CB4133835F4B7A462B51AC5F3301C35F21A8BB197,63DCAA55715CCBC8BF8D837A802DEFB46C5B0ACBC92D7C5781E24777ABB44E1C,0,2
S3,138,C:\Users\lab\Counterfactual-XAI-Verifier\experiments\yolov8_search_comparison\multi_scenario_symmetric\scenarios\multi_scenario_symmetric_plan_v2\S3\initial_condition\frames\frame_0138.png,DF3C1AC1542F096D2F6988B6E27AED145C3807DDB04F34B97FCBA94533A57BB9,15A171CB426AADDC41A5689978EA979DADFF90F55ACADF8CEFBF989150085648,0F426EA1D30417B677F2C23E2E34D572B23720773F3860F48E8A57C73B858B7D,0,2
S3,139,C:\Users\lab\Counterfactual-XAI-Verifier\experiments\yolov8_search_comparison\multi_scenario_symmetric\scenarios\multi_scenario_symmetric_plan_v2\S3\initial_condition\frames\frame_0139.png,7227F8DD4C8F0A8A34FC756CA4DAA768A313DEDAC6AB62B431494A2A10138BC4,815E2A529E57F861B94AA635532E9E927366C67D7C2DE65B1F0EE9911282A688,8E9D971BDADAA954738020259BA2E3CD84A68746502456400F210D89CFF515EC,0,2
S3,140,C:\Users\lab\Counterfactual-XAI-Verifier\experiments\yolov8_search_comparison\multi_scenario_symmetric\scenarios\multi_scenario_symmetric_plan_v2\S3\initial_condition\frames\frame_0140.png,A1FACEA03500A79113732C70B77EFDE09CEABCAF20C1507ED96BA87003D842C7,57C139148D5284FCD3FEFC9E4991F79AD4ABE91B69E06A128FC18BFD0E92B9FD,949D95B49B0E7E3327BD297F77D9CFCEB838FEBDA8983163E8B6654C80589BAF,0,2
S3,141,C:\Users\lab\Counterfactual-XAI-Verifier\experiments\yolov8_search_comparison\multi_scenario_symmetric\scenarios\multi_scenario_symmetric_plan_v2\S3\initial_condition\frames\frame_0141.png,C729D5BC358D1674546FBD93AE4A173AE891C854A27CE1D6B604B35115901F36,982DC74B0F7738964DF1CAF6710D12A50EB97C172B11F05779486988707EBDED,305C2147F9A162A299D60BAD446160646DBAAFDB82C0521C568647530FA2687E,0,2
S3,142,C:\Users\lab\Counterfactual-XAI-Verifier\experiments\yolov8_search_comparison\multi_scenario_symmetric\scenarios\multi_scenario_symmetric_plan_v2\S3\initial_condition\frames\frame_0142.png,E37D00BE1BADA5591532233AC7610499392F93C431EDBC262AF633CE67568B4E,85B0879C4FF7BBBDFFD7BAFB913F419190166C0DD07B1540B6DEE409AF5C41E5,2701EDD3220E5069AE4398DC38B48F54D118B32459261BC3349779C06B5DAA57,0,2
S3,143,C:\Users\lab\Counterfactual-XAI-Verifier\experiments\yolov8_search_comparison\multi_scenario_symmetric\scenarios\multi_scenario_symmetric_plan_v2\S3\initial_condition\frames\frame_0143.png,6B017B48148B721ABD75A69259B07BDCBAC490D6308FF68C92A020A2AC2CD3F9,E2C133C6F96A2CF5A7F4395C2454E8C688E6BE5FA5C71EBCA7E7986A2D5E66A6,498B11DDB983A6EE47459B9AF676619FD216D536811365FCFEAD353F3231555A,0,2
S3,144,C:\Users\lab\Counterfactual-XAI-Verifier\experiments\yolov8_search_comparison\multi_scenario_symmetric\scenarios\multi_scenario_symmetric_plan_v2\S3\initial_condition\frames\frame_0144.png,AC94AE03A19604DB86FE1870BAED71675C12692E16D07F8208D6983C6F6DF684,95D69C86C8013632E1AFBD6AC58F2C8845A0350FD90843C4EF9D67015362F4BA,B2F429F2E0848670720CEC649047C4E64CA48F34C26A052E4CB16F6F57911115,0,2
S3,145,C:\Users\lab\Counterfactual-XAI-Verifier\experiments\yolov8_search_comparison\multi_scenario_symmetric\scenarios\multi_scenario_symmetric_plan_v2\S3\initial_condition\frames\frame_0145.png,52C3EC2C564B759CA6DC5DDB6E110F5AF20540412ED81E57CB1D2BBD9495FCBB,1D625EEC1CB2F27924E6DF33278208B750360E68101BF17FE59E03AE00E04738,439A3D6B43E7266CDE3582F19CD17D8E85BAA31523FCD74B28421BABD29067A5,0,2
S3,146,C:\Users\lab\Counterfactual-XAI-Verifier\experiments\yolov8_search_comparison\multi_scenario_symmetric\scenarios\multi_scenario_symmetric_plan_v2\S3\initial_condition\frames\frame_0146.png,0F90656793BEEDB2E4EA485A7A04E6F18FC93AB0C01D6BADFBA95F9936A3B048,15F5E346057171A2E92B6DAD4A8D6C0F7A0CCE86EA6E68F62938393A3259FAEC,021BEFF619B4E2E707DD24BDAF7B5589BFDF2B1FBD11BD13219C59526B064BB7,0,2
S3,147,C:\Users\lab\Counterfactual-XAI-Verifier\experiments\yolov8_search_comparison\multi_scenario_symmetric\scenarios\multi_scenario_symmetric_plan_v2\S3\initial_condition\frames\frame_0147.png,ADC60A9F36A9ED01EC81115DB1ED967D74E2F7B13B380A5905C6CEF8230B4E11,12AAA8E4F57DF629E0A78F65566E9078F671AFCC465B741C0EAAD677EDA43421,A5340E4630265FCECF7CBA94F3AF18AC4234D5E5E66AE8A453C4C71FB1696693,0,1
S3,148,C:\Users\lab\Counterfactual-XAI-Verifier\experiments\yolov8_search_comparison\multi_scenario_symmetric\scenarios\multi_scenario_symmetric_plan_v2\S3\initial_condition\frames\frame_0148.png,BDBFB6A1E65E17F54ACEA1D45C9BD601715DDA5C8992D2545A6D4C1A4186C04B,2A8427E88ADF2E1C6CA80CB02980882346E5A2F8407DB3E6F184A52583FD94BC,2CBF7D1A3C4AF6C9A53F0F53F502F93EFD88ABE736D7C70A7D3F384EC99058E4,0,1
S3,149,C:\Users\lab\Counterfactual-XAI-Verifier\experiments\yolov8_search_comparison\multi_scenario_symmetric\scenarios\multi_scenario_symmetric_plan_v2\S3\initial_condition\frames\frame_0149.png,6AC3E227B7E6F5B5294E05817553C1B311E6783F6E2724B887C599B19345D6A1,DF4980E8125C0D3EAFAABDBB7D498A2A336940B7612391178E869F56E889BC96,533177965CEABE28F8591ABA4E4DB90AA5063CD0399405EA4191BEAA3393555A,0,1
S3,150,C:\Users\lab\Counterfactual-XAI-Verifier\experiments\yolov8_search_comparison\multi_scenario_symmetric\scenarios\multi_scenario_symmetric_plan_v2\S3\initial_condition\frames\frame_0150.png,222E880593BA77D971292352753F08FBCA49D43054F214EE13A0CADFEF0B43A8,7364B53B3C6C3BE7185B7FBEDF08D680DBCAA0D000230F16B5E8894B3E477ADE,0F6ACA7E1A707974EAFCCC6311E5ABB7BA1B7831C8AD3DF23545120A28CB1D17,0,1
S3,151,C:\Users\lab\Counterfactual-XAI-Verifier\experiments\yolov8_search_comparison\multi_scenario_symmetric\scenarios\multi_scenario_symmetric_plan_v2\S3\initial_condition\frames\frame_0151.png,C10AB793B63985DD4B85B0B6615C4AA21C31ECC6769567C1DF588D4F9C3DD602,5D0EE9C6634117227E332B5F86F2C5DCBA13AB0DF92AFD1076FE2C91D4AFE661,F5B587B77B64EEB7850731FBEF0CEB4F016EDB1B91AA5E8D3051FBFEB0B635D9,0,1
S3,152,C:\Users\lab\Counterfactual-XAI-Verifier\experiments\yolov8_search_comparison\multi_scenario_symmetric\scenarios\multi_scenario_symmetric_plan_v2\S3\initial_condition\frames\frame_0152.png,7D80AA5D2DC501AEC9BA806074B767D7EAB41716A7B119CD0C025CDC7A731BED,67933D3DC42A39F821269D652326D5AC84BCF2409A618B39442E9481D45FCD6E,733CC7E372F7C101E1375740A6BB3B6EEEB5CEFBF1B2BA8DEFA4D403A58F925C,0,1
S3,153,C:\Users\lab\Counterfactual-XAI-Verifier\experiments\yolov8_search_comparison\multi_scenario_symmetric\scenarios\multi_scenario_symmetric_plan_v2\S3\initial_condition\frames\frame_0153.png,CC5BBBF7CD00DE91B03B075FE2F62F911148A418698B0DFCC21D99B9E76C512E,A8D5AABBF3D1D4A0D106B38D03CFA2527FA71E726F485AF74A712DE3392ECE63,74D0F37055263A712116E48672D692DD25948FF5C66D73404AE8B6333EE3770D,0,1
S3,154,C:\Users\lab\Counterfactual-XAI-Verifier\experiments\yolov8_search_comparison\multi_scenario_symmetric\scenarios\multi_scenario_symmetric_plan_v2\S3\initial_condition\frames\frame_0154.png,E9D8B7C90DAB38E6D159D596579F471605B0A7832EAFB1A5E8127784336E7536,08CFD1DEAA5715F4CA9798C4BC19D92000861FFD37296E0598E897B9776BDD07,D99C3A69010794AD83F959473D9C93C38A3445F22C0F988B97BBECBB47C899F1,0,1
S3,155,C:\Users\lab\Counterfactual-XAI-Verifier\experiments\yolov8_search_comparison\multi_scenario_symmetric\scenarios\multi_scenario_symmetric_plan_v2\S3\initial_condition\frames\frame_0155.png,FDDC5226F6DCEC69E739CE5691DF59A53AD76AE3EEFDC56908900A795D0FDAAB,7EC3754D575C95A98B0F269E8094F5B214A77C20A0C17510FE89C6C347136398,172126B476CBF434023721BB0E6A309373871E27696F5B62C15D463B8729B032,0,1
S3,156,C:\Users\lab\Counterfactual-XAI-Verifier\experiments\yolov8_search_comparison\multi_scenario_symmetric\scenarios\multi_scenario_symmetric_plan_v2\S3\initial_condition\frames\frame_0156.png,89A431AA43C4899804EA8F782442109ED3BFBEFD88CB147C47F95E0B803B0351,BCB1E920ADCA6E7B923DC8CACEBB9321A4E8ED467E5D39F20AFFEC00F3A27DBE,021900301898B6481D94D53FD90DC9BD4CF227C7E6513159159B2B3BCF57CC1E,0,1
S3,157,C:\Users\lab\Counterfactual-XAI-Verifier\experiments\yolov8_search_comparison\multi_scenario_symmetric\scenarios\multi_scenario_symmetric_plan_v2\S3\initial_condition\frames\frame_0157.png,8E45639CD3AEFAE0E6926A4959C3B2CD7BEAD7415933F50FF7CEE84D4CE74E2B,6E6AEE50250086E867E1EAC6DCA431FE493B441CC7FA24A75049FD9A3053E5AF,1E78EDDCD3061C79FD0E988E727AEE7B06FD3739A2D3A2AE068C571C0AFA534B,0,1
S3,158,C:\Users\lab\Counterfactual-XAI-Verifier\experiments\yolov8_search_comparison\multi_scenario_symmetric\scenarios\multi_scenario_symmetric_plan_v2\S3\initial_condition\frames\frame_0158.png,B1C3D8C6637BFA348A03863497E36FC181D44744E8BDAB755A85C2952D8607AB,31C92F183EBBE63089B70224AE3B31EFFDB3B9B4B56553E20F9B3F6C05BC7B4D,6F2C979C67B3A311E92266075FF5BBC48A6A629E33F5A117BE2415D17E215A40,0,1
S3,159,C:\Users\lab\Counterfactual-XAI-Verifier\experiments\yolov8_search_comparison\multi_scenario_symmetric\scenarios\multi_scenario_symmetric_plan_v2\S3\initial_condition\frames\frame_0159.png,E538E21B4E9EDE35D28E881F21549BF879FFC22CF9661E8704F1391B6C41459B,4EB3FABB7DF7E33BC29C70B2BDCB6D33669B17E457E41C10682428D5DFCE2F20,0E422EA52E560DBDDD1A462118A4F39307957393BAA65D18ED79FE156D1B24A2,0,1
S3,160,C:\Users\lab\Counterfactual-XAI-Verifier\experiments\yolov8_search_comparison\multi_scenario_symmetric\scenarios\multi_scenario_symmetric_plan_v2\S3\initial_condition\frames\frame_0160.png,D77579E73D8A750422115D8EFCD3F56872FC7E5056AF0238E2591AAD255C61BE,C7DD9A7E34CF29C44070C03A0B5AC27B68E05FE81E4D57C58007C10CAB7CF0DB,532CAB71DA0261B8EC0C70399714D4BED9F4E1FE9555D4E799236625D640ADFF,0,1
S3,161,C:\Users\lab\Counterfactual-XAI-Verifier\experiments\yolov8_search_comparison\multi_scenario_symmetric\scenarios\multi_scenario_symmetric_plan_v2\S3\initial_condition\frames\frame_0161.png,24DC4A2AEC4FF2764FDEE0F683415CD7E2E1FE81EC1755BAC56C701E2BE4348C,79043B50B6F4EC29929D70B2C207E5C771A83AD7777FF65F64AEFC54BC40A60E,7FDE6D08391F8220706B90AE34CDB169155D96B98A1632A7DF44E05B561BCF07,0,1
S3,162,C:\Users\lab\Counterfactual-XAI-Verifier\experiments\yolov8_search_comparison\multi_scenario_symmetric\scenarios\multi_scenario_symmetric_plan_v2\S3\initial_condition\frames\frame_0162.png,41DB570E3988046AAFA28DF3BE2FE43FEAF95B04B0B7EC8A387611F956707045,2F5A8BD0CA8E20974108E33473D075AB89BB55E04966E86657EAD3F0B870B382,A9156F75F1FB0EFE0F35787A80DCD470F65CED858C363CC7F78D9FACABBB52BD,0,1
S3,163,C:\Users\lab\Counterfactual-XAI-Verifier\experiments\yolov8_search_comparison\multi_scenario_symmetric\scenarios\multi_scenario_symmetric_plan_v2\S3\initial_condition\frames\frame_0163.png,D257F24AE7A617EEE7AB738B87CA19F1FB620729E48438566A60068950A09ACE,4B6DE8EFC0D0D1FD5755BB4D3415DC8641F79844F0CD127F54DCB4AA893862B3,A7A29EAC12E0BA9D8F37891B8213BF8A43213F00029733509DCE1D0A206F5EEA,0,1
S3,164,C:\Users\lab\Counterfactual-XAI-Verifier\experiments\yolov8_search_comparison\multi_scenario_symmetric\scenarios\multi_scenario_symmetric_plan_v2\S3\initial_condition\frames\frame_0164.png,66EB362EF57B885E4892673F8E20548F73F1DBB5123E402E6B0C49616A858EA3,4EEA8A86F50C8C09621305E393126083D551320D5EF294C3409FA68274CC487B,B65961DB701CE7F69A04C23F49913C7507C741B6FCDE4243EABBF29092F1D8F0,0,1
S3,165,C:\Users\lab\Counterfactual-XAI-Verifier\experiments\yolov8_search_comparison\multi_scenario_symmetric\scenarios\multi_scenario_symmetric_plan_v2\S3\initial_condition\frames\frame_0165.png,77543B226F85625A3E9F93B8B1032669E9D932EA09E508252EF15EF8A5044472,573BA52DA01D913A1ABA50E53B706974A46FB2FA30D0A82913B4A566E4892607,751B84DF159A64715B21B5E34C9561D461DCAFEF5F42D30190E19230E28A89F5,0,1
S3,166,C:\Users\lab\Counterfactual-XAI-Verifier\experiments\yolov8_search_comparison\multi_scenario_symmetric\scenarios\multi_scenario_symmetric_plan_v2\S3\initial_condition\frames\frame_0166.png,192A31048399D22057F8009C278EC1CE27C681B7B62D65C804134974D426ABAC,BB4D6B0F0715A91CE6FE3068236BA8BB95874D70C64A7EBF1F47667799330201,F1778890EDAEA6B4E5FA6B815EDBD6BBE420C9A44C63074EC6E9240D13ECEBDD,0,1
S3,167,C:\Users\lab\Counterfactual-XAI-Verifier\experiments\yolov8_search_comparison\multi_scenario_symmetric\scenarios\multi_scenario_symmetric_plan_v2\S3\initial_condition\frames\frame_0167.png,6A9DE4843C5D0D4467B987C02724FF55C8C9EF9B432E89D109A43BE086563CF8,08E513C6AE2E7099FD03FDC9D85C67544BCB3D8213714D3C2BE2B3357AC5D190,49755F97F692EF8AF653B0858F5811580027F082AB5B9E9C5BF6B9961D747B68,0,1
S3,168,C:\Users\lab\Counterfactual-XAI-Verifier\experiments\yolov8_search_comparison\multi_scenario_symmetric\scenarios\multi_scenario_symmetric_plan_v2\S3\initial_condition\frames\frame_0168.png,407B8ACFDD9818D90C5AA290A6935CA18AC1E3B78FFBA943F9A66C471082950C,AF29B978C5CFFCE62225481A22E368E7BD2595BF8572877AB2DBDDF0CB37F5DF,0E1FAB05FB81D0D6A531301484F47B41333F799CB5F9E6EB232404F480D483FC,0,1
S3,169,C:\Users\lab\Counterfactual-XAI-Verifier\experiments\yolov8_search_comparison\multi_scenario_symmetric\scenarios\multi_scenario_symmetric_plan_v2\S3\initial_condition\frames\frame_0169.png,7E92A3409E8C06C30A1BC624CBE03B7EE34C7BE226C0779D5579C01E41423F24,67B95244F7A465C30A833924D2E58B989CFD6AC05C6D4CB2CED496879F4425BC,E6062891376F46A33232D4CB73F842E8215CC0112389D45A1AC06B2F578D8082,0,1
S3,170,C:\Users\lab\Counterfactual-XAI-Verifier\experiments\yolov8_search_comparison\multi_scenario_symmetric\scenarios\multi_scenario_symmetric_plan_v2\S3\initial_condition\frames\frame_0170.png,4E46447B6493C6AEAF8DE7AA8CFFF9F0FFEB590180AF170230117E98AEEC7FC3,76662F6FB7CC38F77DFEEFD9B1025D062A51AAA416D06B3813F318953BAA40DD,91F00D8D98E1CCD52A17DB820CF6CB6BAC838B00D8DD3A2264BEFB25B335F20A,0,1
S3,171,C:\Users\lab\Counterfactual-XAI-Verifier\experiments\yolov8_search_comparison\multi_scenario_symmetric\scenarios\multi_scenario_symmetric_plan_v2\S3\initial_condition\frames\frame_0171.png,715B0999C879A1452122B8FA0C12D1585BE63ABE14A7575171E4A0464D49F326,5C24BF40C2E5615D85538D25FCD9F165631481BE1C702660797F808C1D4EFDFB,AE3D7ECCD84C428D99C88EACCE31559E818BC780DB81CD1B3161CC582B858159,0,1
S3,172,C:\Users\lab\Counterfactual-XAI-Verifier\experiments\yolov8_search_comparison\multi_scenario_symmetric\scenarios\multi_scenario_symmetric_plan_v2\S3\initial_condition\frames\frame_0172.png,087DDC7EC98917F9A2309A143AD57CA849645CBEA2309915E60DA5E4DBE46BBE,0DAC9855B8D2065FB7E33BDCD2044960453EB1275347F0F2F0868977187E7391,3F8ABF1C30E00AB331BD8868804ACE94A674118754F6BAC9BB93DDCCC1CEF91F,0,1
S3,173,C:\Users\lab\Counterfactual-XAI-Verifier\experiments\yolov8_search_comparison\multi_scenario_symmetric\scenarios\multi_scenario_symmetric_plan_v2\S3\initial_condition\frames\frame_0173.png,D0222FE8E34187EE688ED063F961BAC0E2A2000DBA40740F6593CD7C565B61C4,FE1A1F3F888BDA464ED421CFAA40DFF1CF025EE1CEFEDFACE21551B283046ED4,D51C1BC44F5201103124A8D3F2B549670A8F285FB555B5C079FB2642E49E1A17,0,1
S3,174,C:\Users\lab\Counterfactual-XAI-Verifier\experiments\yolov8_search_comparison\multi_scenario_symmetric\scenarios\multi_scenario_symmetric_plan_v2\S3\initial_condition\frames\frame_0174.png,18102573CE7E05573E96CECE609C7AF834E308B325A028BC5E2BB138FA17BC93,7A11E262618244AE49B04D88FBAE6E8D91344D6D964242E9408D332C95FFE807,3BDCD9111272B33766804E3E0CA93A0187D0AA9616B4EE973375815C2B06B628,0,1
S3,175,C:\Users\lab\Counterfactual-XAI-Verifier\experiments\yolov8_search_comparison\multi_scenario_symmetric\scenarios\multi_scenario_symmetric_plan_v2\S3\initial_condition\frames\frame_0175.png,960D5928426B93C8307E5F5255140858382F0C89AEE5CEB1F022263133628855,FDE949D4AE1AF18E2D24816703F586E490DD9B25942F7783582980FE6AD27940,073AF06450E77D691819B0E7042D9519A49F5E1528B25F35ADB418B18A1406F2,0,1
S3,176,C:\Users\lab\Counterfactual-XAI-Verifier\experiments\yolov8_search_comparison\multi_scenario_symmetric\scenarios\multi_scenario_symmetric_plan_v2\S3\initial_condition\frames\frame_0176.png,BDA38A604F3C04A0805EAC2E65AD66EC9223629D424AA07D0BF5ACAF905522D6,40ADF8BF7BB7E571202FE91FD2DF56B43C04122C8E530158C93B26B9A0D0415A,96B2C9D017DED8F76987A8D636A273205BA5BBAED029D574F6DFC846C8F674D1,0,1
S3,177,C:\Users\lab\Counterfactual-XAI-Verifier\experiments\yolov8_search_comparison\multi_scenario_symmetric\scenarios\multi_scenario_symmetric_plan_v2\S3\initial_condition\frames\frame_0177.png,70EF446BCE18FF2A4A8D7DE3AA28EC72B7F196DACF37FC3DBDFED324CE0DEF25,ED43F3C07448263FAA3293EC8F2FAFF6E699A24BC82911D03F68E8709CC9C27B,6590A4D642FC561ECF4BCA26544ACE379AEA465D83011653062B64FC89626802,0,1
S3,178,C:\Users\lab\Counterfactual-XAI-Verifier\experiments\yolov8_search_comparison\multi_scenario_symmetric\scenarios\multi_scenario_symmetric_plan_v2\S3\initial_condition\frames\frame_0178.png,F6451B3D307BDF9F32D418365F8F8F349FBCBEB59BE027E4AEA8AE8C37C49559,43C57703B90ED77EBEADD4A99B151BF439ABFD1EE1A1157CBE1D0658AECBC9E3,2A13741DA6E71F01F12C7FCCD27EE4796E42C91C52B4D074B848B68E67EBFF91,0,1
S3,179,C:\Users\lab\Counterfactual-XAI-Verifier\experiments\yolov8_search_comparison\multi_scenario_symmetric\scenarios\multi_scenario_symmetric_plan_v2\S3\initial_condition\frames\frame_0179.png,F139784F18DEF857B16B5000642BAE50F0B3860AC6FB454D791C2B2DABBBB8DA,CFC6882135EBD0C04D7FD706481E19982D308A322953DBB78DC2492E2F946EEA,FE27DE0E6185C7D2BCDEAC441B38B06D259376B97B37CA78FFA506E33B995890,0,1
S3,180,C:\Users\lab\Counterfactual-XAI-Verifier\experiments\yolov8_search_comparison\multi_scenario_symmetric\scenarios\multi_scenario_symmetric_plan_v2\S3\initial_condition\frames\frame_0180.png,6E3C5007370A9125F4E3B047F5AE46F752A3FD1BC09D1975303D893615B7950F,27541397004EE30802AB3D79C9CDAA151572841708A4A1C271F8644D78DA7DEF,4BE1C63BDA15869680F3C504BF3EE22FDC687778392DB23959005CF9323D84D7,0,1
S3,181,C:\Users\lab\Counterfactual-XAI-Verifier\experiments\yolov8_search_comparison\multi_scenario_symmetric\scenarios\multi_scenario_symmetric_plan_v2\S3\initial_condition\frames\frame_0181.png,2028D440716B04CC1364107BFBEEE17F1A1C4D04B3E1F11AB58D88E771E83C0A,B665B80565DF475516592E05D31A1C849833E079A10FAE735E532285ADD3EA5B,3FCF7F76463C72E79655600290C6714D938999F15F5AFBA58216994CAE433DCE,0,1
