scenario_id,split,seed,trajectory_name,start_xyz,end_xyz,flight_direction_unit,altitude_range_m,camera,object_count,person_count,vehicle_count,object_layout,environment,selected_frame_indices,selected_time_seconds,diversity_factors,trajectory_sha256,object_layout_sha256,scenario_config_path,scenario_config_sha256
T01_east_level_low,train,4101,동서 직선 저고도 순항,"[-32, -4, 52]","[18, -4, 52]","[1.0, 0.0, 0.0]","[52, 52]","{""boresight"": ""+x world axis, pitched 60 degrees downward (fixed renderer capability)"", ""image_size"": [640, 360], ""intrinsics"": [600.0, 600.0, 320.0, 180.0, 60.0]}",6,3,3,"[{""class_id"": 1, ""class_name"": ""person"", ""object_id"": 1, ""radius_height"": [0.5, 1.8], ""xy"": [-10, -6.2]}, {""class_id"": 2, ""class_name"": ""vehicle"", ""object_id"": 2, ""radius_height"": [1.2, 1.6], ""xy"": [-7.4, -3.8]}, {""class_id"": 1, ""class_name"": ""person"", ""object_id"": 3, ""radius_height"": [0.5, 1.8], ""xy"": [10, -3.2]}, {""class_id"": 2, ""class_name"": ""vehicle"", ""object_id"": 4, ""radius_height"": [1.2, 1.6], ""xy"": [12.8, -0.8]}, {""class_id"": 1, ""class_name"": ""person"", ""object_id"": 5, ""radius_height"": [0.5, 1.8], ""xy"": [32, -6.2]}, {""class_id"": 2, ""class_name"": ""vehicle"", ""object_id"": 6, ""radius_height"": [1.2, 1.6], ""xy"": [35.0, -3.8]}]","{""camera_noise"": 0.0, ""fog_percent"": 0.0, ""illumination_lux"": 15000.0}","[1, 10, 20, 29, 39, 48, 58, 67, 77, 86, 96, 105, 115, 124, 134, 143, 153, 162, 172, 181]","[0.0, 0.9, 1.9, 2.8, 3.8, 4.7, 5.7, 6.6, 7.6, 8.5, 9.5, 10.4, 11.4, 12.3, 13.3, 14.2, 15.2, 16.1, 17.1, 18.0]","[""동서 직선"", ""저고도"", ""중간 간격""]",1AB8E7C7F27DB0DFD26F88DBD1E4B09554333E6AC8E03AF0DACC842158127E09,82DFFB587D2CC851B01AA4E1D2FED8514818A9C160560ED9725CBBE014797708,C:\Users\lab\Counterfactual-XAI-Verifier\experiments\yolov8_search_comparison\diverse_training_scenario_split\config\diverse_training_scenario_split_v1\scenario_configs\T01_east_level_low.json,3E013D03512CA5D4124EAD31489B2276FE2EDBC5757E59C86EC0383CA2448142
T02_east_level_high,train,4102,동서 직선 고고도 순항,"[-28, 6, 60]","[20, 6, 60]","[1.0, 0.0, 0.0]","[60, 60]","{""boresight"": ""+x world axis, pitched 60 degrees downward (fixed renderer capability)"", ""image_size"": [640, 360], ""intrinsics"": [600.0, 600.0, 320.0, 180.0, 60.0]}",6,3,3,"[{""class_id"": 1, ""class_name"": ""person"", ""object_id"": 1, ""radius_height"": [0.5, 1.8], ""xy"": [-5, 2.3]}, {""class_id"": 2, ""class_name"": ""vehicle"", ""object_id"": 2, ""radius_height"": [1.2, 1.6], ""xy"": [-2.4, 5.7]}, {""class_id"": 1, ""class_name"": ""person"", ""object_id"": 3, ""radius_height"": [0.5, 1.8], ""xy"": [15, 6.3]}, {""class_id"": 2, ""class_name"": ""vehicle"", ""object_id"": 4, ""radius_height"": [1.2, 1.6], ""xy"": [17.8, 9.7]}, {""class_id"": 1, ""class_name"": ""person"", ""object_id"": 5, ""radius_height"": [0.5, 1.8], ""xy"": [36, 3.3]}, {""class_id"": 2, ""class_name"": ""vehicle"", ""object_id"": 6, ""radius_height"": [1.2, 1.6], ""xy"": [39.0, 6.7]}]","{""camera_noise"": 0.01, ""fog_percent"": 4.0, ""illumination_lux"": 14200.0}","[1, 10, 20, 29, 39, 48, 58, 67, 77, 86, 96, 105, 115, 124, 134, 143, 153, 162, 172, 181]","[0.0, 0.9, 1.9, 2.8, 3.8, 4.7, 5.7, 6.6, 7.6, 8.5, 9.5, 10.4, 11.4, 12.3, 13.3, 14.2, 15.2, 16.1, 17.1, 18.0]","[""동서 직선"", ""고고도"", ""넓은 횡간격""]",AA5524EDD1DF79FFE763A1FB10BC7E2C2052E41269D82DFCDE3B4DA7137F08AE,6FEF9AF3D216A98EA4EC7B6C056F4B67B2A5A24EBB071507630EF7F185085BAA,C:\Users\lab\Counterfactual-XAI-Verifier\experiments\yolov8_search_comparison\diverse_training_scenario_split\config\diverse_training_scenario_split_v1\scenario_configs\T02_east_level_high.json,C16F9204450CB11EB58B133392242E225D00A864FEEF14D02A55F901C8D2AE46
T03_east_ascending,train,4103,동쪽 진행 상승,"[-35, -8, 46]","[15, -8, 62]","[0.9524241471993241, 0.0, 0.3047757271037837]","[46, 62]","{""boresight"": ""+x world axis, pitched 60 degrees downward (fixed renderer capability)"", ""image_size"": [640, 360], ""intrinsics"": [600.0, 600.0, 320.0, 180.0, 60.0]}",6,3,3,"[{""class_id"": 1, ""class_name"": ""person"", ""object_id"": 1, ""radius_height"": [0.5, 1.8], ""xy"": [-12, -11.0]}, {""class_id"": 2, ""class_name"": ""vehicle"", ""object_id"": 2, ""radius_height"": [1.2, 1.6], ""xy"": [-9.4, -9.0]}, {""class_id"": 1, ""class_name"": ""person"", ""object_id"": 3, ""radius_height"": [0.5, 1.8], ""xy"": [9, -7.0]}, {""class_id"": 2, ""class_name"": ""vehicle"", ""object_id"": 4, ""radius_height"": [1.2, 1.6], ""xy"": [11.8, -5.0]}, {""class_id"": 1, ""class_name"": ""person"", ""object_id"": 5, ""radius_height"": [0.5, 1.8], ""xy"": [31, -10.0]}, {""class_id"": 2, ""class_name"": ""vehicle"", ""object_id"": 6, ""radius_height"": [1.2, 1.6], ""xy"": [34.0, -8.0]}]","{""camera_noise"": 0.02, ""fog_percent"": 8.0, ""illumination_lux"": 13200.0}","[1, 10, 20, 29, 39, 48, 58, 67, 77, 86, 96, 105, 115, 124, 134, 143, 153, 162, 172, 181]","[0.0, 0.9, 1.9, 2.8, 3.8, 4.7, 5.7, 6.6, 7.6, 8.5, 9.5, 10.4, 11.4, 12.3, 13.3, 14.2, 15.2, 16.1, 17.1, 18.0]","[""상승"", ""동서 직선"", ""거리 감소""]",A24B46D3B365B21A7BF76483464013E75C049D2B80FB05B90E7D78477F2677E6,698E9A45C8F6B0E11CE43E91BD9E6BFA74F150F9033A7275A31D8CD28E6A61A4,C:\Users\lab\Counterfactual-XAI-Verifier\experiments\yolov8_search_comparison\diverse_training_scenario_split\config\diverse_training_scenario_split_v1\scenario_configs\T03_east_ascending.json,9478E600C82D516106C7B773399C83E9D65D70D0ACE5A25EEF3DACEA4CA83E6D
T04_east_descending,train,4104,동쪽 진행 하강,"[-30, 9, 67]","[18, 9, 49]","[0.9363291775690445, 0.0, -0.3511234415883917]","[49, 67]","{""boresight"": ""+x world axis, pitched 60 degrees downward (fixed renderer capability)"", ""image_size"": [640, 360], ""intrinsics"": [600.0, 600.0, 320.0, 180.0, 60.0]}",6,3,3,"[{""class_id"": 1, ""class_name"": ""person"", ""object_id"": 1, ""radius_height"": [0.5, 1.8], ""xy"": [-8, 5.6]}, {""class_id"": 2, ""class_name"": ""vehicle"", ""object_id"": 2, ""radius_height"": [1.2, 1.6], ""xy"": [-5.4, 8.4]}, {""class_id"": 1, ""class_name"": ""person"", ""object_id"": 3, ""radius_height"": [0.5, 1.8], ""xy"": [13, 9.6]}, {""class_id"": 2, ""class_name"": ""vehicle"", ""object_id"": 4, ""radius_height"": [1.2, 1.6], ""xy"": [15.8, 12.4]}, {""class_id"": 1, ""class_name"": ""person"", ""object_id"": 5, ""radius_height"": [0.5, 1.8], ""xy"": [35, 6.6]}, {""class_id"": 2, ""class_name"": ""vehicle"", ""object_id"": 6, ""radius_height"": [1.2, 1.6], ""xy"": [38.0, 9.4]}]","{""camera_noise"": 0.03, ""fog_percent"": 12.0, ""illumination_lux"": 12000.0}","[1, 10, 20, 29, 39, 48, 58, 67, 77, 86, 96, 105, 115, 124, 134, 143, 153, 162, 172, 181]","[0.0, 0.9, 1.9, 2.8, 3.8, 4.7, 5.7, 6.6, 7.6, 8.5, 9.5, 10.4, 11.4, 12.3, 13.3, 14.2, 15.2, 16.1, 17.1, 18.0]","[""하강"", ""동서 직선"", ""크기 증가""]",5AB802935CA95863F9F42CA23E56F66781B72DD09ED309BEF06F8DF5C3A615CE,CB8284A56E469402FB3CD1DCCAF63CA49B3394CE68A894D44CBB67209141DBC0,C:\Users\lab\Counterfactual-XAI-Verifier\experiments\yolov8_search_comparison\diverse_training_scenario_split\config\diverse_training_scenario_split_v1\scenario_configs\T04_east_descending.json,C6B9F14630984A08DE9CA5BF53A2F913AA774E6B6D3A87F3C719A0E73023D597
T05_west_retreat_low,train,4105,서쪽 이탈 저고도,"[5, -6, 54]","[-27, -6, 54]","[-1.0, 0.0, 0.0]","[54, 54]","{""boresight"": ""+x world axis, pitched 60 degrees downward (fixed renderer capability)"", ""image_size"": [640, 360], ""intrinsics"": [600.0, 600.0, 320.0, 180.0, 60.0]}",6,3,3,"[{""class_id"": 1, ""class_name"": ""person"", ""object_id"": 1, ""radius_height"": [0.5, 1.8], ""xy"": [24, -9.1]}, {""class_id"": 2, ""class_name"": ""vehicle"", ""object_id"": 2, ""radius_height"": [1.2, 1.6], ""xy"": [26.6, -6.9]}, {""class_id"": 1, ""class_name"": ""person"", ""object_id"": 3, ""radius_height"": [0.5, 1.8], ""xy"": [35, -5.1]}, {""class_id"": 2, ""class_name"": ""vehicle"", ""object_id"": 4, ""radius_height"": [1.2, 1.6], ""xy"": [37.8, -2.9]}, {""class_id"": 1, ""class_name"": ""person"", ""object_id"": 5, ""radius_height"": [0.5, 1.8], ""xy"": [47, -8.1]}, {""class_id"": 2, ""class_name"": ""vehicle"", ""object_id"": 6, ""radius_height"": [1.2, 1.6], ""xy"": [50.0, -5.9]}]","{""camera_noise"": 0.04, ""fog_percent"": 16.0, ""illumination_lux"": 11000.0}","[1, 10, 20, 29, 39, 48, 58, 67, 77, 86, 96, 105, 115, 124, 134, 143, 153, 162, 172, 181]","[0.0, 0.9, 1.9, 2.8, 3.8, 4.7, 5.7, 6.6, 7.6, 8.5, 9.5, 10.4, 11.4, 12.3, 13.3, 14.2, 15.2, 16.1, 17.1, 18.0]","[""근거리-원거리 이탈"", ""역방향 궤적""]",29AF19DB14E8A4FE42D62E0D5538A1147C63EA637212E3D1A3E4F44E5DED65BA,5131841CD786A935E1D4A4BD0D0E8DFA116A8A9AC096BF3D7A7D5C1834515E35,C:\Users\lab\Counterfactual-XAI-Verifier\experiments\yolov8_search_comparison\diverse_training_scenario_split\config\diverse_training_scenario_split_v1\scenario_configs\T05_west_retreat_low.json,C096A51C9F7DD9081AB40E73CF84B299FA4F2FDDADB04B4A933555153D4B422D
T06_west_retreat_high,train,4106,서쪽 이탈 고고도,"[7, 8, 62]","[-25, 8, 62]","[-1.0, 0.0, 0.0]","[62, 62]","{""boresight"": ""+x world axis, pitched 60 degrees downward (fixed renderer capability)"", ""image_size"": [640, 360], ""intrinsics"": [600.0, 600.0, 320.0, 180.0, 60.0]}",6,3,3,"[{""class_id"": 1, ""class_name"": ""person"", ""object_id"": 1, ""radius_height"": [0.5, 1.8], ""xy"": [29, 4.4]}, {""class_id"": 2, ""class_name"": ""vehicle"", ""object_id"": 2, ""radius_height"": [1.2, 1.6], ""xy"": [31.6, 7.6]}, {""class_id"": 1, ""class_name"": ""person"", ""object_id"": 3, ""radius_height"": [0.5, 1.8], ""xy"": [40, 8.4]}, {""class_id"": 2, ""class_name"": ""vehicle"", ""object_id"": 4, ""radius_height"": [1.2, 1.6], ""xy"": [42.8, 11.6]}, {""class_id"": 1, ""class_name"": ""person"", ""object_id"": 5, ""radius_height"": [0.5, 1.8], ""xy"": [51, 5.4]}, {""class_id"": 2, ""class_name"": ""vehicle"", ""object_id"": 6, ""radius_height"": [1.2, 1.6], ""xy"": [54.0, 8.6]}]","{""camera_noise"": 0.05, ""fog_percent"": 20.0, ""illumination_lux"": 10000.0}","[1, 10, 20, 29, 39, 48, 58, 67, 77, 86, 96, 105, 115, 124, 134, 143, 153, 162, 172, 181]","[0.0, 0.9, 1.9, 2.8, 3.8, 4.7, 5.7, 6.6, 7.6, 8.5, 9.5, 10.4, 11.4, 12.3, 13.3, 14.2, 15.2, 16.1, 17.1, 18.0]","[""근거리-원거리 이탈"", ""고고도""]",0A9E0827021B838E197EA9679715BADCA2D4DC446B6F4BCCB03FC45D1E7DC979,A381151304F732DE07221F8426EBE701C9598B3FF0F9A21260B9EB5426BAE08C,C:\Users\lab\Counterfactual-XAI-Verifier\experiments\yolov8_search_comparison\diverse_training_scenario_split\config\diverse_training_scenario_split_v1\scenario_configs\T06_west_retreat_high.json,F94EB6FE791418C1C36EB0894AD0428293207072E069E18D354EBDC8D9E8C222
T07_north_lateral,train,4107,남-북 횡방향,"[-20, -18, 55]","[-20, 18, 55]","[0.0, 1.0, 0.0]","[55, 55]","{""boresight"": ""+x world axis, pitched 60 degrees downward (fixed renderer capability)"", ""image_size"": [640, 360], ""intrinsics"": [600.0, 600.0, 320.0, 180.0, 60.0]}",6,3,3,"[{""class_id"": 1, ""class_name"": ""person"", ""object_id"": 1, ""radius_height"": [0.5, 1.8], ""xy"": [5, -11.3]}, {""class_id"": 2, ""class_name"": ""vehicle"", ""object_id"": 2, ""radius_height"": [1.2, 1.6], ""xy"": [7.6, -8.7]}, {""class_id"": 1, ""class_name"": ""person"", ""object_id"": 3, ""radius_height"": [0.5, 1.8], ""xy"": [18, -1.3]}, {""class_id"": 2, ""class_name"": ""vehicle"", ""object_id"": 4, ""radius_height"": [1.2, 1.6], ""xy"": [20.8, 1.3]}, {""class_id"": 1, ""class_name"": ""person"", ""object_id"": 5, ""radius_height"": [0.5, 1.8], ""xy"": [31, 8.7]}, {""class_id"": 2, ""class_name"": ""vehicle"", ""object_id"": 6, ""radius_height"": [1.2, 1.6], ""xy"": [34.0, 11.3]}]","{""camera_noise"": 0.01, ""fog_percent"": 2.0, ""illumination_lux"": 14500.0}","[1, 10, 20, 29, 39, 48, 58, 67, 77, 86, 96, 105, 115, 124, 134, 143, 153, 162, 172, 181]","[0.0, 0.9, 1.9, 2.8, 3.8, 4.7, 5.7, 6.6, 7.6, 8.5, 9.5, 10.4, 11.4, 12.3, 13.3, 14.2, 15.2, 16.1, 17.1, 18.0]","[""남북 횡방향"", ""고정 고도""]",E949A2404B0890C65AAEE6164468D7CCE944587DA32D434C6F89D9972019B1AD,3F93AF7BF4D406DD2279EB47B22F724118E4993952CC442937B16F4A87C6D94D,C:\Users\lab\Counterfactual-XAI-Verifier\experiments\yolov8_search_comparison\diverse_training_scenario_split\config\diverse_training_scenario_split_v1\scenario_configs\T07_north_lateral.json,54E33E45B3757F7A7A4447202201C07DFAF7BE44F39F53C1AACF8FE1B8DBB9D8
T08_south_lateral,train,4108,북-남 횡방향,"[-16, 20, 62]","[-16, -20, 62]","[0.0, -1.0, 0.0]","[62, 62]","{""boresight"": ""+x world axis, pitched 60 degrees downward (fixed renderer capability)"", ""image_size"": [640, 360], ""intrinsics"": [600.0, 600.0, 320.0, 180.0, 60.0]}",6,3,3,"[{""class_id"": 1, ""class_name"": ""person"", ""object_id"": 1, ""radius_height"": [0.5, 1.8], ""xy"": [10, 10.5]}, {""class_id"": 2, ""class_name"": ""vehicle"", ""object_id"": 2, ""radius_height"": [1.2, 1.6], ""xy"": [12.6, 13.5]}, {""class_id"": 1, ""class_name"": ""person"", ""object_id"": 3, ""radius_height"": [0.5, 1.8], ""xy"": [24, -1.5]}, {""class_id"": 2, ""class_name"": ""vehicle"", ""object_id"": 4, ""radius_height"": [1.2, 1.6], ""xy"": [26.8, 1.5]}, {""class_id"": 1, ""class_name"": ""person"", ""object_id"": 5, ""radius_height"": [0.5, 1.8], ""xy"": [37, -13.5]}, {""class_id"": 2, ""class_name"": ""vehicle"", ""object_id"": 6, ""radius_height"": [1.2, 1.6], ""xy"": [40.0, -10.5]}]","{""camera_noise"": 0.02, ""fog_percent"": 6.0, ""illumination_lux"": 13600.0}","[1, 10, 20, 29, 39, 48, 58, 67, 77, 86, 96, 105, 115, 124, 134, 143, 153, 162, 172, 181]","[0.0, 0.9, 1.9, 2.8, 3.8, 4.7, 5.7, 6.6, 7.6, 8.5, 9.5, 10.4, 11.4, 12.3, 13.3, 14.2, 15.2, 16.1, 17.1, 18.0]","[""남북 역방향"", ""고고도""]",7DCB496712A6AB945333A42CC372A2841B64D8EF65F45EDC395CD9A435E6C43B,859D38BB865B6F13BC4623C410C1A357C5A2D134F5FF3581832BF3B1AD096823,C:\Users\lab\Counterfactual-XAI-Verifier\experiments\yolov8_search_comparison\diverse_training_scenario_split\config\diverse_training_scenario_split_v1\scenario_configs\T08_south_lateral.json,C2A0160CF81B5B1BB9FD4418EA594228B9059B0D7B311FB30F7B9E39B85B8909
T09_diagonal_swnE,train,4109,남서-북동 대각선,"[-32, -16, 56]","[12, 14, 56]","[0.8262273428075476, 0.5633368246415097, 0.0]","[56, 56]","{""boresight"": ""+x world axis, pitched 60 degrees downward (fixed renderer capability)"", ""image_size"": [640, 360], ""intrinsics"": [600.0, 600.0, 320.0, 180.0, 60.0]}",6,3,3,"[{""class_id"": 1, ""class_name"": ""person"", ""object_id"": 1, ""radius_height"": [0.5, 1.8], ""xy"": [-8, -11.0]}, {""class_id"": 2, ""class_name"": ""vehicle"", ""object_id"": 2, ""radius_height"": [1.2, 1.6], ""xy"": [-5.4, -9.0]}, {""class_id"": 1, ""class_name"": ""person"", ""object_id"": 3, ""radius_height"": [0.5, 1.8], ""xy"": [12, 0.0]}, {""class_id"": 2, ""class_name"": ""vehicle"", ""object_id"": 4, ""radius_height"": [1.2, 1.6], ""xy"": [14.8, 2.0]}, {""class_id"": 1, ""class_name"": ""person"", ""object_id"": 5, ""radius_height"": [0.5, 1.8], ""xy"": [33, 11.0]}, {""class_id"": 2, ""class_name"": ""vehicle"", ""object_id"": 6, ""radius_height"": [1.2, 1.6], ""xy"": [36.0, 13.0]}]","{""camera_noise"": 0.03, ""fog_percent"": 10.0, ""illumination_lux"": 12600.0}","[1, 10, 20, 29, 39, 48, 58, 67, 77, 86, 96, 105, 115, 124, 134, 143, 153, 162, 172, 181]","[0.0, 0.9, 1.9, 2.8, 3.8, 4.7, 5.7, 6.6, 7.6, 8.5, 9.5, 10.4, 11.4, 12.3, 13.3, 14.2, 15.2, 16.1, 17.1, 18.0]","[""대각선"", ""화면 횡이동""]",9BE7776AC076FB0E71C61BA5B09833FD2AD4AD30B87210F753E74B755828378E,3D0F0AEB7FC1372121CA82A9C59A81CED5461EF9CBE85BD179E44950912C1DB6,C:\Users\lab\Counterfactual-XAI-Verifier\experiments\yolov8_search_comparison\diverse_training_scenario_split\config\diverse_training_scenario_split_v1\scenario_configs\T09_diagonal_swnE.json,4873FDE8DD3D3BB4CD613D9A086635EF22E268B493225461DF78517A0E110522
T10_diagonal_nwse,train,4110,북서-남동 대각 상승,"[-30, 16, 51]","[14, -14, 61]","[0.8120348175781185, -0.5536601028941717, 0.18455336763139055]","[51, 61]","{""boresight"": ""+x world axis, pitched 60 degrees downward (fixed renderer capability)"", ""image_size"": [640, 360], ""intrinsics"": [600.0, 600.0, 320.0, 180.0, 60.0]}",6,3,3,"[{""class_id"": 1, ""class_name"": ""person"", ""object_id"": 1, ""radius_height"": [0.5, 1.8], ""xy"": [-7, 8.2]}, {""class_id"": 2, ""class_name"": ""vehicle"", ""object_id"": 2, ""radius_height"": [1.2, 1.6], ""xy"": [-4.4, 11.8]}, {""class_id"": 1, ""class_name"": ""person"", ""object_id"": 3, ""radius_height"": [0.5, 1.8], ""xy"": [14, -1.8]}, {""class_id"": 2, ""class_name"": ""vehicle"", ""object_id"": 4, ""radius_height"": [1.2, 1.6], ""xy"": [16.8, 1.8]}, {""class_id"": 1, ""class_name"": ""person"", ""object_id"": 5, ""radius_height"": [0.5, 1.8], ""xy"": [35, -11.8]}, {""class_id"": 2, ""class_name"": ""vehicle"", ""object_id"": 6, ""radius_height"": [1.2, 1.6], ""xy"": [38.0, -8.2]}]","{""camera_noise"": 0.04, ""fog_percent"": 14.0, ""illumination_lux"": 11600.0}","[1, 10, 20, 29, 39, 48, 58, 67, 77, 86, 96, 105, 115, 124, 134, 143, 153, 162, 172, 181]","[0.0, 0.9, 1.9, 2.8, 3.8, 4.7, 5.7, 6.6, 7.6, 8.5, 9.5, 10.4, 11.4, 12.3, 13.3, 14.2, 15.2, 16.1, 17.1, 18.0]","[""대각선"", ""상승"", ""넓은 간격""]",19CA7FED5142FFFA0FB04E6B7F901CD8ED39B344348719A5B032F3765AA2ECEF,4D92972989959D3F689912F3A6EBEAF79DC4A0A79618407AB4E270EC65E2ECB6,C:\Users\lab\Counterfactual-XAI-Verifier\experiments\yolov8_search_comparison\diverse_training_scenario_split\config\diverse_training_scenario_split_v1\scenario_configs\T10_diagonal_nwse.json,7CD19D5B4E1917CECE3DD393ACDF2399BAC277836EB9E6A18A02082E50BFF347
T11_far_to_near,train,4111,원거리 시작 접근 및 하강,"[-48, -2, 64]","[0, -2, 52]","[0.970142500145332, 0.0, -0.242535625036333]","[52, 64]","{""boresight"": ""+x world axis, pitched 60 degrees downward (fixed renderer capability)"", ""image_size"": [640, 360], ""intrinsics"": [600.0, 600.0, 320.0, 180.0, 60.0]}",6,3,3,"[{""class_id"": 1, ""class_name"": ""person"", ""object_id"": 1, ""radius_height"": [0.5, 1.8], ""xy"": [-15, -5.2]}, {""class_id"": 2, ""class_name"": ""vehicle"", ""object_id"": 2, ""radius_height"": [1.2, 1.6], ""xy"": [-12.4, -2.8]}, {""class_id"": 1, ""class_name"": ""person"", ""object_id"": 3, ""radius_height"": [0.5, 1.8], ""xy"": [8, -1.2]}, {""class_id"": 2, ""class_name"": ""vehicle"", ""object_id"": 4, ""radius_height"": [1.2, 1.6], ""xy"": [10.8, 1.2]}, {""class_id"": 1, ""class_name"": ""person"", ""object_id"": 5, ""radius_height"": [0.5, 1.8], ""xy"": [31, -4.2]}, {""class_id"": 2, ""class_name"": ""vehicle"", ""object_id"": 6, ""radius_height"": [1.2, 1.6], ""xy"": [34.0, -1.8]}]","{""camera_noise"": 0.05, ""fog_percent"": 18.0, ""illumination_lux"": 10500.0}","[1, 10, 20, 29, 39, 48, 58, 67, 77, 86, 96, 105, 115, 124, 134, 143, 153, 162, 172, 181]","[0.0, 0.9, 1.9, 2.8, 3.8, 4.7, 5.7, 6.6, 7.6, 8.5, 9.5, 10.4, 11.4, 12.3, 13.3, 14.2, 15.2, 16.1, 17.1, 18.0]","[""원거리-근거리 접근"", ""하강""]",10EF595354EF637DDF36DF778F9658A2758F9203E33DF555780EBF6954B7052B,F829CF8AA949C2C6FC0FFDD39DFAD564A9B92429040278266CFF6153AE910721,C:\Users\lab\Counterfactual-XAI-Verifier\experiments\yolov8_search_comparison\diverse_training_scenario_split\config\diverse_training_scenario_split_v1\scenario_configs\T11_far_to_near.json,AE12E17E7AEA966ED30DEDE86658FCBAB74EA7073E95B0F7F7CB7E8D78453D74
T12_near_to_far,train,4112,근거리 시작 이탈 및 상승,"[0, 3, 50]","[-36, 3, 65]","[-0.9230769230769231, 0.0, 0.38461538461538464]","[50, 65]","{""boresight"": ""+x world axis, pitched 60 degrees downward (fixed renderer capability)"", ""image_size"": [640, 360], ""intrinsics"": [600.0, 600.0, 320.0, 180.0, 60.0]}",6,3,3,"[{""class_id"": 1, ""class_name"": ""person"", ""object_id"": 1, ""radius_height"": [0.5, 1.8], ""xy"": [18, -0.4]}, {""class_id"": 2, ""class_name"": ""vehicle"", ""object_id"": 2, ""radius_height"": [1.2, 1.6], ""xy"": [20.6, 2.4]}, {""class_id"": 1, ""class_name"": ""person"", ""object_id"": 3, ""radius_height"": [0.5, 1.8], ""xy"": [31, 3.6]}, {""class_id"": 2, ""class_name"": ""vehicle"", ""object_id"": 4, ""radius_height"": [1.2, 1.6], ""xy"": [33.8, 6.4]}, {""class_id"": 1, ""class_name"": ""person"", ""object_id"": 5, ""radius_height"": [0.5, 1.8], ""xy"": [44, 0.6]}, {""class_id"": 2, ""class_name"": ""vehicle"", ""object_id"": 6, ""radius_height"": [1.2, 1.6], ""xy"": [47.0, 3.4]}]","{""camera_noise"": 0.0, ""fog_percent"": 1.0, ""illumination_lux"": 14800.0}","[1, 10, 20, 29, 39, 48, 58, 67, 77, 86, 96, 105, 115, 124, 134, 143, 153, 162, 172, 181]","[0.0, 0.9, 1.9, 2.8, 3.8, 4.7, 5.7, 6.6, 7.6, 8.5, 9.5, 10.4, 11.4, 12.3, 13.3, 14.2, 15.2, 16.1, 17.1, 18.0]","[""근거리-원거리 이탈"", ""상승""]",EDA2B9BD01C3E3CB567036E12C5B8AC20AC3666F64106A92402ADF56DAA08C5B,29117B85BB84EF05ED1ABF04365D8DD55132EF3AB0150CA01AAA4898EE7B112A,C:\Users\lab\Counterfactual-XAI-Verifier\experiments\yolov8_search_comparison\diverse_training_scenario_split\config\diverse_training_scenario_split_v1\scenario_configs\T12_near_to_far.json,40DB17A5EAF10FEB7E0EAC3953FD2164E8F2E0FE48F89E5391B0AD107D8914C5
T13_high_short,train,4113,고고도 단거리 통과,"[-20, -11, 70]","[10, -11, 70]","[1.0, 0.0, 0.0]","[70, 70]","{""boresight"": ""+x world axis, pitched 60 degrees downward (fixed renderer capability)"", ""image_size"": [640, 360], ""intrinsics"": [600.0, 600.0, 320.0, 180.0, 60.0]}",6,3,3,"[{""class_id"": 1, ""class_name"": ""person"", ""object_id"": 1, ""radius_height"": [0.5, 1.8], ""xy"": [15, -15.0]}, {""class_id"": 2, ""class_name"": ""vehicle"", ""object_id"": 2, ""radius_height"": [1.2, 1.6], ""xy"": [17.6, -11.0]}, {""class_id"": 1, ""class_name"": ""person"", ""object_id"": 3, ""radius_height"": [0.5, 1.8], ""xy"": [30, -11.0]}, {""class_id"": 2, ""class_name"": ""vehicle"", ""object_id"": 4, ""radius_height"": [1.2, 1.6], ""xy"": [32.8, -7.0]}, {""class_id"": 1, ""class_name"": ""person"", ""object_id"": 5, ""radius_height"": [0.5, 1.8], ""xy"": [45, -14.0]}, {""class_id"": 2, ""class_name"": ""vehicle"", ""object_id"": 6, ""radius_height"": [1.2, 1.6], ""xy"": [48.0, -10.0]}]","{""camera_noise"": 0.01, ""fog_percent"": 5.0, ""illumination_lux"": 13800.0}","[1, 10, 20, 29, 39, 48, 58, 67, 77, 86, 96, 105, 115, 124, 134, 143, 153, 162, 172, 181]","[0.0, 0.9, 1.9, 2.8, 3.8, 4.7, 5.7, 6.6, 7.6, 8.5, 9.5, 10.4, 11.4, 12.3, 13.3, 14.2, 15.2, 16.1, 17.1, 18.0]","[""고고도"", ""짧은 궤적"", ""작은 객체 크기""]",FAD27D4DC99324F00AC6D66496D88C35CBD351A45FB03A0443F8B32160EB49B7,03C09F31D7B727C9E672EB32DC186C31BA4E5B67B5D75BF3A7E059CB9A176AAB,C:\Users\lab\Counterfactual-XAI-Verifier\experiments\yolov8_search_comparison\diverse_training_scenario_split\config\diverse_training_scenario_split_v1\scenario_configs\T13_high_short.json,B84D42C1352E9C6EDD6BE127834FEB5395537199AC518E56AB528860BC0F1FC5
T14_low_close,train,4114,저고도 근접 통과,"[-25, 12, 44]","[15, 12, 47]","[0.9971993098884563, 0.0, 0.07478994824163422]","[44, 47]","{""boresight"": ""+x world axis, pitched 60 degrees downward (fixed renderer capability)"", ""image_size"": [640, 360], ""intrinsics"": [600.0, 600.0, 320.0, 180.0, 60.0]}",6,3,3,"[{""class_id"": 1, ""class_name"": ""person"", ""object_id"": 1, ""radius_height"": [0.5, 1.8], ""xy"": [-7, 9.0]}, {""class_id"": 2, ""class_name"": ""vehicle"", ""object_id"": 2, ""radius_height"": [1.2, 1.6], ""xy"": [-4.4, 11.0]}, {""class_id"": 1, ""class_name"": ""person"", ""object_id"": 3, ""radius_height"": [0.5, 1.8], ""xy"": [10, 13.0]}, {""class_id"": 2, ""class_name"": ""vehicle"", ""object_id"": 4, ""radius_height"": [1.2, 1.6], ""xy"": [12.8, 15.0]}, {""class_id"": 1, ""class_name"": ""person"", ""object_id"": 5, ""radius_height"": [0.5, 1.8], ""xy"": [28, 10.0]}, {""class_id"": 2, ""class_name"": ""vehicle"", ""object_id"": 6, ""radius_height"": [1.2, 1.6], ""xy"": [31.0, 12.0]}]","{""camera_noise"": 0.02, ""fog_percent"": 9.0, ""illumination_lux"": 12800.0}","[1, 10, 20, 29, 39, 48, 58, 67, 77, 86, 96, 105, 115, 124, 134, 143, 153, 162, 172, 181]","[0.0, 0.9, 1.9, 2.8, 3.8, 4.7, 5.7, 6.6, 7.6, 8.5, 9.5, 10.4, 11.4, 12.3, 13.3, 14.2, 15.2, 16.1, 17.1, 18.0]","[""저고도"", ""근접"", ""큰 객체 크기""]",8CB6E95D5C61E6F7688FB4DB4332FDD438597D86DD380F8A880AF009C016B381,E952CE86BFA751219CBE8F1CC235F7B49EA09D87E6886B09D511C16000395119,C:\Users\lab\Counterfactual-XAI-Verifier\experiments\yolov8_search_comparison\diverse_training_scenario_split\config\diverse_training_scenario_split_v1\scenario_configs\T14_low_close.json,5D789E37C6B6D114E22F7FAE8CFEE55B14DAC9E2E68A2D3F0D74274888A865BE
T15_lateral_ascending,train,4115,횡방향 상승,"[-22, -16, 48]","[-22, 16, 63]","[0.0, 0.9054589359588684, 0.4244338762307196]","[48, 63]","{""boresight"": ""+x world axis, pitched 60 degrees downward (fixed renderer capability)"", ""image_size"": [640, 360], ""intrinsics"": [600.0, 600.0, 320.0, 180.0, 60.0]}",6,3,3,"[{""class_id"": 1, ""class_name"": ""person"", ""object_id"": 1, ""radius_height"": [0.5, 1.8], ""xy"": [6, -11.6]}, {""class_id"": 2, ""class_name"": ""vehicle"", ""object_id"": 2, ""radius_height"": [1.2, 1.6], ""xy"": [8.6, -8.4]}, {""class_id"": 1, ""class_name"": ""person"", ""object_id"": 3, ""radius_height"": [0.5, 1.8], ""xy"": [20, -1.6]}, {""class_id"": 2, ""class_name"": ""vehicle"", ""object_id"": 4, ""radius_height"": [1.2, 1.6], ""xy"": [22.8, 1.6]}, {""class_id"": 1, ""class_name"": ""person"", ""object_id"": 5, ""radius_height"": [0.5, 1.8], ""xy"": [34, 8.4]}, {""class_id"": 2, ""class_name"": ""vehicle"", ""object_id"": 6, ""radius_height"": [1.2, 1.6], ""xy"": [37.0, 11.6]}]","{""camera_noise"": 0.03, ""fog_percent"": 13.0, ""illumination_lux"": 11800.0}","[1, 10, 20, 29, 39, 48, 58, 67, 77, 86, 96, 105, 115, 124, 134, 143, 153, 162, 172, 181]","[0.0, 0.9, 1.9, 2.8, 3.8, 4.7, 5.7, 6.6, 7.6, 8.5, 9.5, 10.4, 11.4, 12.3, 13.3, 14.2, 15.2, 16.1, 17.1, 18.0]","[""남북 횡방향"", ""상승""]",EEA3BD8449453E50C6F2815F4BF897439513C35138FEF1F1B4FCC04B75A4CB9C,F0F36ECAC14AEFEDE156AE500AC4B6F3EA2A86116CDCA1CBA2D3CFED6D40EBA1,C:\Users\lab\Counterfactual-XAI-Verifier\experiments\yolov8_search_comparison\diverse_training_scenario_split\config\diverse_training_scenario_split_v1\scenario_configs\T15_lateral_ascending.json,B32A26870A89CAAFDA3CCEE59C87B5F44A3FB3DBC6F6077D982634540837E538
T16_lateral_descending,train,4116,횡방향 하강,"[-14, 18, 65]","[-14, -18, 48]","[0.0, -0.9042486467459909, -0.4270063054078291]","[48, 65]","{""boresight"": ""+x world axis, pitched 60 degrees downward (fixed renderer capability)"", ""image_size"": [640, 360], ""intrinsics"": [600.0, 600.0, 320.0, 180.0, 60.0]}",6,3,3,"[{""class_id"": 1, ""class_name"": ""person"", ""object_id"": 1, ""radius_height"": [0.5, 1.8], ""xy"": [12, 8.9]}, {""class_id"": 2, ""class_name"": ""vehicle"", ""object_id"": 2, ""radius_height"": [1.2, 1.6], ""xy"": [14.6, 11.1]}, {""class_id"": 1, ""class_name"": ""person"", ""object_id"": 3, ""radius_height"": [0.5, 1.8], ""xy"": [26, -1.1]}, {""class_id"": 2, ""class_name"": ""vehicle"", ""object_id"": 4, ""radius_height"": [1.2, 1.6], ""xy"": [28.8, 1.1]}, {""class_id"": 1, ""class_name"": ""person"", ""object_id"": 5, ""radius_height"": [0.5, 1.8], ""xy"": [39, -11.1]}, {""class_id"": 2, ""class_name"": ""vehicle"", ""object_id"": 6, ""radius_height"": [1.2, 1.6], ""xy"": [42.0, -8.9]}]","{""camera_noise"": 0.04, ""fog_percent"": 17.0, ""illumination_lux"": 10800.0}","[1, 10, 20, 29, 39, 48, 58, 67, 77, 86, 96, 105, 115, 124, 134, 143, 153, 162, 172, 181]","[0.0, 0.9, 1.9, 2.8, 3.8, 4.7, 5.7, 6.6, 7.6, 8.5, 9.5, 10.4, 11.4, 12.3, 13.3, 14.2, 15.2, 16.1, 17.1, 18.0]","[""남북 횡방향"", ""하강""]",79EB945F07ADF64887ECF4C32C4C2ACDEC5C1EF65100B327E91263C43C57258B,89F4B38DD149CD34C0DBF6FADEF8D361906FD946A4C0937015597542886B99BE,C:\Users\lab\Counterfactual-XAI-Verifier\experiments\yolov8_search_comparison\diverse_training_scenario_split\config\diverse_training_scenario_split_v1\scenario_configs\T16_lateral_descending.json,5A5F118E519191C3BA2CFB38EAD65D7548CD63FEBD667C6BE35C63C12B5DC15B
T17_partial_occlusion,train,4117,근접 배치 부분 가림 접근,"[-36, 0, 57]","[8, 0, 57]","[1.0, 0.0, 0.0]","[57, 57]","{""boresight"": ""+x world axis, pitched 60 degrees downward (fixed renderer capability)"", ""image_size"": [640, 360], ""intrinsics"": [600.0, 600.0, 320.0, 180.0, 60.0]}",6,3,3,"[{""class_id"": 1, ""class_name"": ""person"", ""object_id"": 1, ""radius_height"": [0.5, 1.8], ""xy"": [-10, -0.25]}, {""class_id"": 2, ""class_name"": ""vehicle"", ""object_id"": 2, ""radius_height"": [1.2, 1.6], ""xy"": [-9.2, 0.25]}, {""class_id"": 1, ""class_name"": ""person"", ""object_id"": 3, ""radius_height"": [0.5, 1.8], ""xy"": [10, 0.15]}, {""class_id"": 2, ""class_name"": ""vehicle"", ""object_id"": 4, ""radius_height"": [1.2, 1.6], ""xy"": [10.8, 0.65]}, {""class_id"": 1, ""class_name"": ""person"", ""object_id"": 5, ""radius_height"": [0.5, 1.8], ""xy"": [30, -0.65]}, {""class_id"": 2, ""class_name"": ""vehicle"", ""object_id"": 6, ""radius_height"": [1.2, 1.6], ""xy"": [30.8, -0.15]}]","{""camera_noise"": 0.05, ""fog_percent"": 20.0, ""illumination_lux"": 9800.0}","[1, 10, 20, 29, 39, 48, 58, 67, 77, 86, 96, 105, 115, 124, 134, 143, 153, 162, 172, 181]","[0.0, 0.9, 1.9, 2.8, 3.8, 4.7, 5.7, 6.6, 7.6, 8.5, 9.5, 10.4, 11.4, 12.3, 13.3, 14.2, 15.2, 16.1, 17.1, 18.0]","[""사람-차량 근접 배치"", ""부분 가림"", ""접근""]",A5CC530F71DB7EC2B4D04CDD2F1938942CD2189F7F3DEA2747B70A4EC0D4F5A0,E52069285B426B0F8E03A750CC509B8E8887FC9E099035B1E50A6A6320C92052,C:\Users\lab\Counterfactual-XAI-Verifier\experiments\yolov8_search_comparison\diverse_training_scenario_split\config\diverse_training_scenario_split_v1\scenario_configs\T17_partial_occlusion.json,E18387ECD8919F4DB13BC53FF9DAEC3BED63E1BAE0A79FFE23F64CD063720440
T18_wide_diagonal,train,4118,넓은 배치 대각 하강,"[-28, -12, 59]","[16, 12, 50]","[0.8640749563977734, 0.47131361258060367, -0.17674260471772638]","[50, 59]","{""boresight"": ""+x world axis, pitched 60 degrees downward (fixed renderer capability)"", ""image_size"": [640, 360], ""intrinsics"": [600.0, 600.0, 320.0, 180.0, 60.0]}",6,3,3,"[{""class_id"": 1, ""class_name"": ""person"", ""object_id"": 1, ""radius_height"": [0.5, 1.8], ""xy"": [-4, -11.5]}, {""class_id"": 2, ""class_name"": ""vehicle"", ""object_id"": 2, ""radius_height"": [1.2, 1.6], ""xy"": [-1.4, -4.5]}, {""class_id"": 1, ""class_name"": ""person"", ""object_id"": 3, ""radius_height"": [0.5, 1.8], ""xy"": [17, -2.5]}, {""class_id"": 2, ""class_name"": ""vehicle"", ""object_id"": 4, ""radius_height"": [1.2, 1.6], ""xy"": [19.8, 4.5]}, {""class_id"": 1, ""class_name"": ""person"", ""object_id"": 5, ""radius_height"": [0.5, 1.8], ""xy"": [38, 6.5]}, {""class_id"": 2, ""class_name"": ""vehicle"", ""object_id"": 6, ""radius_height"": [1.2, 1.6], ""xy"": [41.0, 13.5]}]","{""camera_noise"": 0.01, ""fog_percent"": 3.0, ""illumination_lux"": 14200.0}","[1, 10, 20, 29, 39, 48, 58, 67, 77, 86, 96, 105, 115, 124, 134, 143, 153, 162, 172, 181]","[0.0, 0.9, 1.9, 2.8, 3.8, 4.7, 5.7, 6.6, 7.6, 8.5, 9.5, 10.4, 11.4, 12.3, 13.3, 14.2, 15.2, 16.1, 17.1, 18.0]","[""대각선"", ""하강"", ""넓은 객체 간격""]",D0BBA3718438569D54958F1F7ABD384A0476EE4C2C600A8200B50A8B44E52C40,37DD9A7E36F3E6CF0F91745A4ACF00AEE8A85E4EA2E44B15066965EFDF030B42,C:\Users\lab\Counterfactual-XAI-Verifier\experiments\yolov8_search_comparison\diverse_training_scenario_split\config\diverse_training_scenario_split_v1\scenario_configs\T18_wide_diagonal.json,ACFE278899AE60F18072E6A5949C577BAB0705D5CB13C173043A265DBB330C88
V01_east_ascending,val,5101,검증 동쪽 상승,"[-34, 3, 49]","[13, 3, 66]","[0.9403762257505054, 0.0, 0.34013608165443815]","[49, 66]","{""boresight"": ""+x world axis, pitched 60 degrees downward (fixed renderer capability)"", ""image_size"": [640, 360], ""intrinsics"": [600.0, 600.0, 320.0, 180.0, 60.0]}",6,3,3,"[{""class_id"": 1, ""class_name"": ""person"", ""object_id"": 1, ""radius_height"": [0.5, 1.8], ""xy"": [-10, -0.3]}, {""class_id"": 2, ""class_name"": ""vehicle"", ""object_id"": 2, ""radius_height"": [1.2, 1.6], ""xy"": [-7.4, 2.3]}, {""class_id"": 1, ""class_name"": ""person"", ""object_id"": 3, ""radius_height"": [0.5, 1.8], ""xy"": [11, 3.7]}, {""class_id"": 2, ""class_name"": ""vehicle"", ""object_id"": 4, ""radius_height"": [1.2, 1.6], ""xy"": [13.8, 6.3]}, {""class_id"": 1, ""class_name"": ""person"", ""object_id"": 5, ""radius_height"": [0.5, 1.8], ""xy"": [33, 0.7]}, {""class_id"": 2, ""class_name"": ""vehicle"", ""object_id"": 6, ""radius_height"": [1.2, 1.6], ""xy"": [36.0, 3.3]}]","{""camera_noise"": 0.02, ""fog_percent"": 7.0, ""illumination_lux"": 13400.0}","[1, 10, 20, 29, 39, 48, 58, 67, 77, 86, 96, 105, 115, 124, 134, 143, 153, 162, 172, 181]","[0.0, 0.9, 1.9, 2.8, 3.8, 4.7, 5.7, 6.6, 7.6, 8.5, 9.5, 10.4, 11.4, 12.3, 13.3, 14.2, 15.2, 16.1, 17.1, 18.0]","[""상승"", ""동서 직선""]",9E3C076D4492E6CA87F99684EC4EFE5E987E40449A005FA5E1C727260F196034,51502946921640F77925F0DB860BBB19A129DCB2082456961F5E130D692B6E2A,C:\Users\lab\Counterfactual-XAI-Verifier\experiments\yolov8_search_comparison\diverse_training_scenario_split\config\diverse_training_scenario_split_v1\scenario_configs\V01_east_ascending.json,68D94112AE2FFFDAD3295A478463791854693D6AA57C9D42FE4F72E0224BBC85
V02_west_retreat,val,5102,검증 서쪽 이탈,"[3, -10, 56]","[-30, -10, 62]","[-0.9838699100999075, 0.0, 0.17888543819998318]","[56, 62]","{""boresight"": ""+x world axis, pitched 60 degrees downward (fixed renderer capability)"", ""image_size"": [640, 360], ""intrinsics"": [600.0, 600.0, 320.0, 180.0, 60.0]}",6,3,3,"[{""class_id"": 1, ""class_name"": ""person"", ""object_id"": 1, ""radius_height"": [0.5, 1.8], ""xy"": [23, -13.7]}, {""class_id"": 2, ""class_name"": ""vehicle"", ""object_id"": 2, ""radius_height"": [1.2, 1.6], ""xy"": [25.6, -10.3]}, {""class_id"": 1, ""class_name"": ""person"", ""object_id"": 3, ""radius_height"": [0.5, 1.8], ""xy"": [36, -9.7]}, {""class_id"": 2, ""class_name"": ""vehicle"", ""object_id"": 4, ""radius_height"": [1.2, 1.6], ""xy"": [38.8, -6.3]}, {""class_id"": 1, ""class_name"": ""person"", ""object_id"": 5, ""radius_height"": [0.5, 1.8], ""xy"": [49, -12.7]}, {""class_id"": 2, ""class_name"": ""vehicle"", ""object_id"": 6, ""radius_height"": [1.2, 1.6], ""xy"": [52.0, -9.3]}]","{""camera_noise"": 0.03, ""fog_percent"": 11.0, ""illumination_lux"": 12400.0}","[1, 10, 20, 29, 39, 48, 58, 67, 77, 86, 96, 105, 115, 124, 134, 143, 153, 162, 172, 181]","[0.0, 0.9, 1.9, 2.8, 3.8, 4.7, 5.7, 6.6, 7.6, 8.5, 9.5, 10.4, 11.4, 12.3, 13.3, 14.2, 15.2, 16.1, 17.1, 18.0]","[""이탈"", ""역방향"", ""상승""]",2F50EDAD85A2BB7F7BC0F0AF0FB3E63E395EA85186CD10823D88FE9820EA153D,56FC81EC8739AD1224D3ABBACF51A928FE7CC935AC10F2FE1980CCF2B64CA35D,C:\Users\lab\Counterfactual-XAI-Verifier\experiments\yolov8_search_comparison\diverse_training_scenario_split\config\diverse_training_scenario_split_v1\scenario_configs\V02_west_retreat.json,8852C8F06F3F0DC20281F49259F41DF8282A29AF6F05DDBD9DBA6FDAF220B0B1
V03_north_lateral,val,5103,검증 남-북 횡방향,"[-18, -20, 58]","[-18, 17, 58]","[0.0, 1.0, 0.0]","[58, 58]","{""boresight"": ""+x world axis, pitched 60 degrees downward (fixed renderer capability)"", ""image_size"": [640, 360], ""intrinsics"": [600.0, 600.0, 320.0, 180.0, 60.0]}",6,3,3,"[{""class_id"": 1, ""class_name"": ""person"", ""object_id"": 1, ""radius_height"": [0.5, 1.8], ""xy"": [8, -13.0]}, {""class_id"": 2, ""class_name"": ""vehicle"", ""object_id"": 2, ""radius_height"": [1.2, 1.6], ""xy"": [10.6, -11.0]}, {""class_id"": 1, ""class_name"": ""person"", ""object_id"": 3, ""radius_height"": [0.5, 1.8], ""xy"": [21, -1.0]}, {""class_id"": 2, ""class_name"": ""vehicle"", ""object_id"": 4, ""radius_height"": [1.2, 1.6], ""xy"": [23.8, 1.0]}, {""class_id"": 1, ""class_name"": ""person"", ""object_id"": 5, ""radius_height"": [0.5, 1.8], ""xy"": [34, 10.0]}, {""class_id"": 2, ""class_name"": ""vehicle"", ""object_id"": 6, ""radius_height"": [1.2, 1.6], ""xy"": [37.0, 12.0]}]","{""camera_noise"": 0.04, ""fog_percent"": 15.0, ""illumination_lux"": 11400.0}","[1, 10, 20, 29, 39, 48, 58, 67, 77, 86, 96, 105, 115, 124, 134, 143, 153, 162, 172, 181]","[0.0, 0.9, 1.9, 2.8, 3.8, 4.7, 5.7, 6.6, 7.6, 8.5, 9.5, 10.4, 11.4, 12.3, 13.3, 14.2, 15.2, 16.1, 17.1, 18.0]","[""남북 횡방향"", ""고정 고도""]",F2B3148562E51428C398E81D60E5F157511D95C25220769CAD3C52169ED6EE25,9B53581DCF99DB4F331A3BD2CA611DFF9F8F3E1CBC364EFA607D8BE64594E949,C:\Users\lab\Counterfactual-XAI-Verifier\experiments\yolov8_search_comparison\diverse_training_scenario_split\config\diverse_training_scenario_split_v1\scenario_configs\V03_north_lateral.json,EAD5770C35166A0573881ED7872C0698E0C99440E5778C59E54AB870692DC80F
V04_diagonal_descending,val,5104,검증 대각 하강,"[-31, 13, 64]","[13, -12, 50]","[0.8379812347976836, -0.47612570158959294, -0.26663039289017204]","[50, 64]","{""boresight"": ""+x world axis, pitched 60 degrees downward (fixed renderer capability)"", ""image_size"": [640, 360], ""intrinsics"": [600.0, 600.0, 320.0, 180.0, 60.0]}",6,3,3,"[{""class_id"": 1, ""class_name"": ""person"", ""object_id"": 1, ""radius_height"": [0.5, 1.8], ""xy"": [-7, 7.5]}, {""class_id"": 2, ""class_name"": ""vehicle"", ""object_id"": 2, ""radius_height"": [1.2, 1.6], ""xy"": [-4.4, 10.5]}, {""class_id"": 1, ""class_name"": ""person"", ""object_id"": 3, ""radius_height"": [0.5, 1.8], ""xy"": [14, -1.5]}, {""class_id"": 2, ""class_name"": ""vehicle"", ""object_id"": 4, ""radius_height"": [1.2, 1.6], ""xy"": [16.8, 1.5]}, {""class_id"": 1, ""class_name"": ""person"", ""object_id"": 5, ""radius_height"": [0.5, 1.8], ""xy"": [35, -9.5]}, {""class_id"": 2, ""class_name"": ""vehicle"", ""object_id"": 6, ""radius_height"": [1.2, 1.6], ""xy"": [38.0, -6.5]}]","{""camera_noise"": 0.05, ""fog_percent"": 19.0, ""illumination_lux"": 10400.0}","[1, 10, 20, 29, 39, 48, 58, 67, 77, 86, 96, 105, 115, 124, 134, 143, 153, 162, 172, 181]","[0.0, 0.9, 1.9, 2.8, 3.8, 4.7, 5.7, 6.6, 7.6, 8.5, 9.5, 10.4, 11.4, 12.3, 13.3, 14.2, 15.2, 16.1, 17.1, 18.0]","[""대각선"", ""하강""]",23A9BD59A56B4E1481A79CC4378CE3E481F579BA7115DE5A9EF5CFB88252E24E,ECF3801DE0A340D2BEF32AEB22438B20A69D30ED4B883B00D6F859B251C6CB95,C:\Users\lab\Counterfactual-XAI-Verifier\experiments\yolov8_search_comparison\diverse_training_scenario_split\config\diverse_training_scenario_split_v1\scenario_configs\V04_diagonal_descending.json,0E73842CB461FEE03CDFDE8951717A11A3A7096B7C87C7BF8E7479F5D785FCAA
V05_occluded_approach,val,5105,검증 부분 가림 접근,"[-45, 7, 62]","[1, 7, 54]","[0.9852117548196745, 0.0, -0.17134117475124774]","[54, 62]","{""boresight"": ""+x world axis, pitched 60 degrees downward (fixed renderer capability)"", ""image_size"": [640, 360], ""intrinsics"": [600.0, 600.0, 320.0, 180.0, 60.0]}",6,3,3,"[{""class_id"": 1, ""class_name"": ""person"", ""object_id"": 1, ""radius_height"": [0.5, 1.8], ""xy"": [-13, 6.25]}, {""class_id"": 2, ""class_name"": ""vehicle"", ""object_id"": 2, ""radius_height"": [1.2, 1.6], ""xy"": [-12.2, 6.75]}, {""class_id"": 1, ""class_name"": ""person"", ""object_id"": 3, ""radius_height"": [0.5, 1.8], ""xy"": [9, 7.05]}, {""class_id"": 2, ""class_name"": ""vehicle"", ""object_id"": 4, ""radius_height"": [1.2, 1.6], ""xy"": [9.8, 7.55]}, {""class_id"": 1, ""class_name"": ""person"", ""object_id"": 5, ""radius_height"": [0.5, 1.8], ""xy"": [31, 6.45]}, {""class_id"": 2, ""class_name"": ""vehicle"", ""object_id"": 6, ""radius_height"": [1.2, 1.6], ""xy"": [31.8, 6.95]}]","{""camera_noise"": 0.0, ""fog_percent"": 0.0, ""illumination_lux"": 15000.0}","[1, 10, 20, 29, 39, 48, 58, 67, 77, 86, 96, 105, 115, 124, 134, 143, 153, 162, 172, 181]","[0.0, 0.9, 1.9, 2.8, 3.8, 4.7, 5.7, 6.6, 7.6, 8.5, 9.5, 10.4, 11.4, 12.3, 13.3, 14.2, 15.2, 16.1, 17.1, 18.0]","[""원거리-근거리 접근"", ""부분 가림""]",7C8D4F7FACEBF7CC974B4128446CB855EFB9EDB3955DC617DABF20028FB0DE7D,2BC177B119C85392C92ECF87EC4E740418B2CB1C8C0CA0F9E06819E99BF971D7,C:\Users\lab\Counterfactual-XAI-Verifier\experiments\yolov8_search_comparison\diverse_training_scenario_split\config\diverse_training_scenario_split_v1\scenario_configs\V05_occluded_approach.json,FFC2511EB2C989EE384929F034AB7B7C1AC0E8C8585E45CB93AF8ECF84706730
