frame_position_zero_based,frame_index_matlab_one_based,detection_index,class_name,source_class_id,source_class_name,confidence,matched_object_id,maximum_same_frame_iou,center_dx_pixels,center_dy_pixels,prediction_to_gt_width_ratio,prediction_to_gt_height_ratio,is_tp_at_iou_0_5
0,1,0,person,0,person,0.6331723928451538,1,0.41054539592641864,0.3050445955501573,-0.1571573859365003,0.6524157073621274,0.6292696378913863,False
2,3,0,person,0,person,0.5982358455657959,1,0.391839234062302,5.667053049338847,-1.3813618031378496,0.6485614723354063,0.6286976770786307,False
3,4,0,person,0,person,0.5262544751167297,1,0.3146232182937113,8.41615972605939,-2.6873830820644855,0.6712257004389452,0.6153149366466288,False
4,5,0,person,0,person,0.6874341368675232,1,0.3983772459634833,0.3617804982419557,0.23002448035853718,0.638980796170114,0.6234573063091312,False
6,7,0,person,0,person,0.30186817049980164,2,0.4346438446649974,-1.9868060983109785,-1.7628397112461442,0.7129876360324923,0.6096092312113948,False
7,8,0,person,0,person,0.3336710035800934,2,0.46691429988921435,-3.8167183539392795,-4.168354914295435,0.7090806414969972,0.6640914951998015,False
8,9,0,person,0,person,0.6432567238807678,2,0.48345115315138837,-0.2506708911329554,-0.006835868654768262,0.7319185532256844,0.6605258891453705,False
8,9,1,person,0,person,0.5218455195426941,1,0.36512832896706665,0.4559975191902481,-0.20998058842405953,0.6083082599499334,0.6002356913534569,False
10,11,0,person,0,person,0.7417230010032654,2,0.4817014112738331,-3.59721532091811,-2.389755488722919,0.7308818573892837,0.6634337385055624,False
11,12,0,person,0,person,0.42202016711235046,2,0.4296606097274811,-5.110316891419529,-3.8965624345605576,0.7188270387502179,0.6692484206695375,False
12,13,0,person,0,person,0.4927572011947632,2,0.3689599835702325,-6.942889606855658,-5.411553308546992,0.7219368672851537,0.6665813480916463,False
13,14,0,person,0,person,0.6684132814407349,2,0.4674584711295829,-0.22189109087045722,0.3439325824066657,0.7222431461245621,0.64723143949221,False
14,15,0,person,0,person,0.6658450961112976,2,0.4561917996900775,-2.202320984669086,-0.8270379530062257,0.7025699622680879,0.6493186788364331,False
15,16,0,person,0,person,0.6079778075218201,2,0.44744195040732515,-4.22289074856252,-1.9065094957700381,0.7022036595868032,0.6465979882788434,False
16,17,0,person,0,person,0.510071337223053,2,0.3744211301985539,-6.574370841867733,-3.1667724763261305,0.7056045773162685,0.6493588244197195,False
17,18,0,person,0,person,0.7198914289474487,2,0.4338920803388046,-0.016638215924331234,0.28132100303807306,0.6762875391261413,0.6415792917010631,False
19,20,0,person,0,person,0.5500267744064331,2,0.4241696491898596,-4.958445105557757,-1.103123800422793,0.6872489343301497,0.646163806011191,False
21,22,0,person,0,person,0.8088038563728333,2,0.43410530578250045,-0.28378978938872024,-0.08907790924244807,0.6807984493502162,0.6376414432154326,False
23,24,0,person,0,person,0.7381231784820557,2,0.4032143874223022,-5.283796178022158,0.294692365179543,0.6766598992913209,0.6254182835080739,False
24,25,0,person,0,person,0.7086114883422852,2,0.3219537631785322,-8.183847345656204,0.5812162192872847,0.6741492388118497,0.6255611696533213,False
25,26,0,person,0,person,0.7887717485427856,2,0.4027319936700314,-0.21288024097668767,0.16813149179785114,0.6422983219409879,0.6270170416341723,False
26,27,0,person,0,person,0.7676911354064941,2,0.41019903450000056,-2.6356872087642955,1.036539838646945,0.6615417706269016,0.6200652063304797,False
27,28,0,person,0,person,0.7504518628120422,2,0.3968968725839324,-5.302210588509411,1.6397832837207602,0.6524198743094685,0.6162374181214789,False
28,29,0,person,0,person,0.7257917523384094,2,0.3260221502858565,-7.869051957053898,2.4740207109625203,0.6655747130941707,0.6082212800997795,False
29,30,0,person,0,person,0.6315872073173523,2,0.3875340281777265,-0.2097036655273996,-0.05328103865502953,0.6349253745314333,0.6103615381000036,False
30,31,0,person,0,person,0.7575997710227966,2,0.3822736865223694,-2.724775529566557,1.1347793139081261,0.6327453586027618,0.6041509136732541,False
31,32,0,person,0,person,0.646652102470398,2,0.3806621807000128,-5.150360851334312,2.4805172977077916,0.6363276881944573,0.5982172200931873,False
32,33,0,person,0,person,0.5184813737869263,2,0.33106815503278725,-7.522286768248364,3.9758194666650866,0.644931278638932,0.5982584116857391,False
33,34,0,person,0,person,0.46802860498428345,2,0.37297815317419364,-0.35871803570540806,0.14084321944221756,0.6232595578314022,0.5984315017517756,False
35,36,0,person,0,person,0.31202584505081177,2,0.3684122752594723,-4.537565760362213,4.00089306416001,0.62226793121531,0.5920476643235508,False
51,52,0,person,0,person,0.49513763189315796,3,0.4194137730496632,3.0763691152195634,-2.40157751269291,0.6715659367373036,0.6245310402241638,False
52,53,0,person,0,person,0.4877721667289734,3,0.38178945579313434,5.377097627188164,-3.3203229435218304,0.6711341208350563,0.6148584823097725,False
54,55,0,person,0,person,0.5547477602958679,3,0.38384016600555243,0.6544766886727871,-2.419448282749336,0.6597505996731218,0.5817958577009688,False
54,55,1,person,0,person,0.2721668779850006,2,0.29773789728798933,-0.5396827833507132,-1.4842895691457443,0.615646265777899,0.48361845728371794,False
55,56,0,person,0,person,0.3536529242992401,3,0.3808231849349389,2.6817755698969563,-3.57444329606588,0.6628769480983107,0.5745005706224368,False
56,57,0,person,0,person,0.6364076137542725,3,0.38211560586737436,4.6614858002313895,-5.224604087757157,0.6682513539887683,0.5761119285731708,False
57,58,0,person,0,person,0.7012374997138977,3,0.3184965655934815,7.066663661655298,-6.605239099905276,0.6654664761152612,0.5794290261250811,False
58,59,0,person,0,person,0.5434311032295227,3,0.35432865530431745,0.5421262672553553,-2.877213181808486,0.6523112406646072,0.5431895592406314,False
59,60,0,person,0,person,0.6128594279289246,3,0.3449176032027107,2.3836141854292237,-4.5941771890999235,0.6445097506486899,0.5351627385862759,False
60,61,0,person,0,person,0.6241380572319031,3,0.34691603546681576,4.090387100851217,-6.293591014848545,0.63917058130059,0.5427597039289698,False
61,62,0,person,0,person,0.33250191807746887,3,0.3312690823123764,5.764429810668503,-7.819671590692565,0.6543188105172816,0.5377428788520564,False
62,63,0,person,0,person,0.5102853178977966,3,0.29804082034677676,7.2127593996443125,-9.752058481510772,0.6459656086972546,0.5408345857749288,False
66,67,0,person,0,person,0.26487594842910767,3,0.0,-347.3406768683982,147.07615158666195,1.3519164292887094,2.0213068365278968,False
160,161,0,person,0,person,0.25984472036361694,,0.0,,,,,False
